SimTime,Latitude,Longitude,SOG,COG,Heading,AftThruster,ForeThruster,PortEngine,StbdEngine,PortRudder,StbdRudder
0,60.5076376,146.3548446,0.0,0.0,60.0,0.0,0.0,0.0,0.0,0.0,0.0
1,60.50763743067385,146.354845320671,0.0688839,246.501,59.9899,0.0,0.0,100.0,100.0,-0.564358,-0.564482
2,60.50763725133061,146.3548461403906,0.0228561,237.265,59.9306,0.0,0.0,100.0,100.0,-9.77708,-9.77729
3,60.50763713690303,146.3548459232352,0.0425942,110.772,59.9047,0.0,0.0,100.0,100.0,-18.7314,-18.7318
4,60.50763697763963,146.3548449660262,0.0569709,105.376,59.9859,0.0,0.0,100.0,100.0,-28.0748,-28.0752
5,60.50763689566987,146.3548438890811,0.0576946,88.6361,60.0133,0.0,0.0,100.0,100.0,-37.2093,-37.2099
6,60.50763707418791,146.3548426667553,0.106879,62.4472,59.8594,0.0,0.0,100.0,100.0,-44.55,-44.55
7,60.50763795329985,146.3548402804904,0.179192,49.3511,59.5871,0.0,0.0,100.0,100.0,-44.55,-44.55
8,60.50763888109852,146.3548377900856,0.203734,59.6324,59.4972,0.0,0.0,100.0,100.0,-44.55,-44.55
9,60.50763969887068,146.3548339019912,0.260115,68.3109,59.5309,0.0,0.0,100.0,100.0,-44.55,-44.55
10,60.50764114324389,146.3548287352568,0.325516,54.097,59.322,0.0,0.0,100.0,100.0,-44.55,-44.55
11,60.50764338503435,146.3548232409635,0.393538,49.5288,58.8644,0.0,0.0,100.0,100.0,-44.55,-44.55
12,60.5076454513325,146.3548176147228,0.451347,56.1649,58.6051,0.0,0.0,100.0,100.0,-44.1,-44.1
13,60.50764795168529,146.3548103295394,0.515548,53.5574,58.4176,0.0,0.0,100.0,100.0,-44.1,-44.1
14,60.50765103710413,146.3548026204939,0.56975,49.3987,58.0417,0.0,0.0,100.0,100.0,-44.1,-44.1
15,60.50765498568107,146.3547936077094,0.649089,47.0576,57.4336,0.0,0.0,100.0,100.0,-44.1,-44.1
16,60.50765892408055,146.3547852754019,0.733205,45.683,56.8696,0.0,0.0,100.0,100.0,-44.1,-44.1
17,60.50766367337553,146.3547752189363,0.783546,47.6993,56.3068,0.0,0.0,100.0,100.0,-44.1,-44.1
18,60.50766849831374,146.3547641718089,0.841106,47.978,55.8354,0.0,0.0,100.0,100.0,-44.1,-44.1
19,60.50767398396124,146.3547526139344,0.913775,44.8173,55.1618,0.0,0.0,100.0,100.0,-44.1,-44.1
20,60.50768015287346,146.3547405787195,0.988817,43.6495,54.2819,0.0,0.0,100.0,100.0,-36.5908,-36.5905
21,60.50768740802256,146.3547261544103,1.07497,45.1553,53.5362,0.0,0.0,100.0,100.0,-33.4624,-33.4627
22,60.50769377622032,146.3547132604805,1.11481,44.6007,52.9771,0.0,0.0,100.0,100.0,-34.65,-34.65
23,60.50770116078812,146.3546986941395,1.17848,44.2682,52.2682,0.0,0.0,100.0,100.0,-34.65,-34.65
24,60.50770973763085,146.3546817854577,1.26232,43.5233,51.4455,0.0,0.0,100.0,100.0,-34.65,-34.65
25,60.5077175790838,146.3546671661259,1.33168,42.0114,50.6481,0.0,0.0,100.0,100.0,-33.4206,-33.4205
26,60.50772753153317,146.3546490265464,1.39121,42.2394,49.7739,0.0,0.0,100.0,100.0,-24.2956,-24.2953
27,60.50773690180468,146.3546315474846,1.43893,43.105,49.1251,0.0,0.0,100.0,100.0,-14.8692,-14.8687
28,60.50774642982673,146.3546127480782,1.5135,45.6433,48.6544,0.0,0.0,100.0,100.0,-6.05156,-6.05082
29,60.5077559711895,146.3545919417446,1.59505,48.2108,48.432,0.0,0.0,100.0,100.0,0.0,0.0
30,60.50776565764974,146.3545696468942,1.65393,48.7872,48.3812,0.0,0.0,100.0,100.0,0.0,0.0
31,60.50777671999169,146.3545439371476,1.71286,49.0474,48.3336,0.0,0.0,100.0,100.0,0.0,0.0
32,60.50778589579132,146.3545224915632,1.78566,49.382,48.3132,0.0,0.0,100.0,100.0,0.0,0.0
33,60.5077977891086,146.3544944701255,1.8569,49.0333,48.2923,0.0,0.0,100.0,100.0,-8.43402,-8.43424
34,60.507807928328,146.3544716472384,1.92826,47.0058,48.1232,0.0,0.0,100.0,100.0,-12.6,-12.6
35,60.50782162553016,146.3544431276222,1.9873,44.762,47.5995,0.0,0.0,100.0,100.0,-12.6,-12.6
36,60.50783343894068,146.3544198043549,2.03017,44.2737,47.0334,0.0,0.0,100.0,100.0,-9.97932,-9.97917
37,60.50784673550876,146.3543932365541,2.11409,45.5,46.6523,0.0,0.0,100.0,100.0,-0.712899,-0.712607
38,60.50786004995616,146.3543646462161,2.18975,47.4145,46.6747,0.0,0.0,100.0,100.0,-2.06265,-2.06282
39,60.50787371896403,146.3543350395242,2.24939,46.0884,46.624,0.0,0.0,100.0,100.0,-10.6836,-10.6837
40,60.50788828963927,146.3543056815651,2.30938,43.6146,46.0573,0.0,0.0,100.0,100.0,-19.9373,-19.9376
41,60.50790550824039,146.3542746168932,2.39448,39.8813,44.9906,0.0,0.0,100.0,100.0,-29.3223,-29.323
42,60.50792113063169,146.3542492797788,2.47709,38.0198,43.9737,0.0,0.0,100.0,100.0,-21.7706,-21.7709
43,60.5079405666799,146.3542185916444,2.53702,38.064,42.9484,0.0,0.0,100.0,100.0,-12.8187,-12.8187
44,60.50795865449057,146.3541895069173,2.59143,39.0961,42.1615,0.0,0.0,100.0,100.0,-3.73402,-3.73388
45,60.50797638182683,146.3541592728612,2.66866,41.0042,41.7853,0.0,0.0,100.0,100.0,0.0,0.0
46,60.50799462339957,146.3541263902459,2.7475,42.2043,41.7349,0.0,0.0,44.0,42.0,0.0,0.0
47,60.50801313151157,146.3540922807785,2.79752,42.2245,41.7653,0.0,0.0,42.0,41.0,-2.03861,-2.03873
48,60.50803243360248,146.3540570406965,2.84715,41.6565,41.6374,0.0,0.0,42.0,41.0,-10.8554,-10.8556
49,60.5080523006796,146.3540230651029,2.92315,38.6009,41.0713,0.0,0.0,42.0,41.0,-19.9416,-19.942
50,60.50807543691987,146.3539878693316,2.9745,34.9888,39.9438,0.0,0.0,42.0,41.0,-29.165,-29.1651
51,60.50809605162723,146.3539608431637,3.00345,31.1098,38.5037,0.0,0.0,42.0,41.0,-29.6925,-29.6926
52,60.50811956457081,146.3539334683791,3.01162,29.3236,36.7636,0.0,0.0,42.0,41.0,-20.611,-20.6109
53,60.50814310172022,146.3539061898877,3.00928,30.5557,35.5053,0.0,0.0,42.0,41.0,-11.4444,-11.4441
54,60.50816828679193,146.3538751477555,2.99553,32.1891,34.7654,0.0,0.0,42.0,41.0,-2.18353,-2.18312
55,60.50818865173908,146.3538483280827,2.91452,33.7799,34.4947,0.0,0.0,42.0,41.0,0.0,0.0
56,60.50821216729579,146.3538160137435,2.88658,34.053,34.2817,0.0,0.0,42.0,42.0,-6.08543,-6.08564
57,60.50823386452662,146.3537872931597,2.86279,32.3025,33.8851,0.0,0.0,42.0,42.0,-15.3252,-15.3256
58,60.50825590724076,146.3537604931015,2.84616,29.546,33.1681,0.0,0.0,42.0,42.0,-23.7554,-23.7559
59,60.50827857366776,146.3537364660806,2.83289,25.5899,31.9501,0.0,0.0,100.0,100.0,-33.2706,-33.2713
60,60.50830200216598,146.3537159432405,2.838,21.3689,30.1798,0.0,0.0,100.0,100.0,-38.2788,-38.2787
61,60.50832610168847,146.3536982157133,2.8481,18.9941,28.2496,0.0,0.0,100.0,100.0,-29.49,-29.4898
62,60.50835039472012,146.3536816987521,2.83646,18.5183,26.5851,0.0,0.0,100.0,100.0,-20.1356,-20.1353
63,60.50837453288943,146.3536649128291,2.83415,19.5324,25.3446,0.0,0.0,100.0,100.0,-11.2774,-11.2769
64,60.50839851069508,146.3536466729292,2.84914,21.786,24.6043,0.0,0.0,100.0,100.0,-1.73034,-1.72964
65,60.50842207672645,146.3536261031443,2.84778,24.532,24.4113,0.0,0.0,100.0,100.0,6.918,6.91886
66,60.50844783049776,146.3536012962365,2.8614,26.9094,24.7283,0.0,0.0,100.0,100.0,16.0709,16.072
67,60.50847069263444,146.3535762593185,2.91033,29.3894,25.443,0.0,0.0,100.0,100.0,12.5043,12.5054
68,60.50849368927855,146.3535497856137,2.96748,29.3765,26.1155,0.0,0.0,100.0,100.0,3.35515,3.35597
69,60.5085170681273,146.3535236141755,2.97104,28.0398,26.4564,0.0,0.0,25.0,26.0,-6.04133,-6.04076
70,60.50854119061783,146.3534990179381,3.01786,25.4981,26.2668,0.0,0.0,25.0,26.0,-15.1043,-15.1036
71,60.50856623265505,146.3534764618551,3.04544,22.4539,25.5287,0.0,0.0,25.0,26.0,-23.6345,-23.6339
72,60.50859182028631,146.3534565958744,3.06641,19.4087,24.3349,0.0,0.0,25.0,26.0,-21.9323,-21.9316
73,60.50861774239819,146.3534394417619,2.98245,17.1667,23.0719,0.0,0.0,25.0,26.0,-12.3909,-12.3902
74,60.50864340319708,146.3534228579126,2.99258,18.2936,22.2143,0.0,0.0,26.0,26.0,-4.12464,-4.12364
75,60.50867096277874,146.3534031985975,2.96038,20.8142,21.8346,0.0,0.0,26.0,26.0,5.61034,5.61124
76,60.50869525581039,146.3533827224256,2.87879,24.7312,22.1077,0.0,0.0,25.0,26.0,14.914,14.915
77,60.50871825836842,146.3533597656143,2.80939,27.3229,22.9125,0.0,0.0,0.0,0.0,24.1315,24.1325
78,60.50874029516863,146.3533350425637,2.79868,30.7178,24.0628,0.0,0.0,-3.0,0.0,29.5528,29.5539
79,60.50876150154363,146.3533091195862,2.66969,30.2384,25.2899,0.0,0.0,-99.0,-99.0,41.8204,41.8216
80,60.50878192686783,146.353285185894,2.59408,30.4748,26.1148,0.0,0.0,-99.0,-99.0,44.1,44.1
81,60.50879966864508,146.3532628231181,2.56201,32.1226,27.0103,0.0,0.0,0.0,0.0,42.89,42.8899
82,60.50882058358733,146.3532364557198,2.39402,31.9305,27.8148,0.0,0.0,0.0,0.0,33.4551,33.4548
83,60.50883778939787,146.3532154896476,2.04742,28.8773,28.173,0.0,0.0,0.0,0.0,24.2424,24.242
84,60.50885414380939,146.3531972067615,2.1404,29.8178,28.3665,-100.0,0.0,0.0,0.0,14.9839,14.9833
85,60.50887125066482,146.3531771996089,2.23162,29.8979,28.6958,-100.0,0.0,0.0,0.0,5.95917,5.95844
86,60.50888901307204,146.3531568264287,2.29264,29.2213,28.9101,-100.0,0.0,0.0,0.0,0.0,0.0
87,60.50890890139803,146.3531344886701,2.34433,28.7082,29.0662,-99.0,0.0,0.0,0.0,0.0,0.0
88,60.50892658327959,146.3531142580205,2.07273,31.0728,29.36,-99.0,0.0,-99.0,-99.0,0.0,0.0
89,60.50894184464635,146.3530957864846,1.80445,31.319,29.7674,-99.0,0.0,-99.0,-99.0,0.0,0.0
90,60.50895638293254,146.3530789834922,1.90459,28.6995,30.1024,-99.0,0.0,-99.0,-99.0,0.0,0.0
91,60.50897102835706,146.3530630464074,1.67556,27.3211,30.432,-99.0,0.0,-99.0,-99.0,0.0,0.0
92,60.5089828258825,146.3530512892919,1.26844,24.4979,30.6835,-99.0,0.0,0.0,-3.0,0.0,0.0
93,60.50899200986535,146.3530437243544,0.955749,19.3852,30.8448,-99.0,0.0,0.0,0.0,0.0,0.0
94,60.50899923675139,146.3530392894915,0.731779,14.4535,30.9674,-99.0,0.0,0.0,0.0,0.0,0.0
95,60.50900481317076,146.3530368229912,0.542022,10.3633,31.2096,-100.0,78.0,0.0,0.0,0.0,0.0
96,60.50900883629068,146.3530356716149,0.379608,5.81372,31.6416,-100.0,78.0,0.0,0.0,0.0,0.0
97,60.50901192287855,146.3530351925926,0.240375,3.27516,32.2263,-98.0,-65.0,0.0,0.0,0.0,0.0
98,60.50901342783511,146.3530351699939,0.144985,354.019,32.6928,-11.0,-10.0,0.0,0.0,0.0,0.0
99,60.50901457004799,146.3530359454809,0.110644,331.049,33.2252,0.0,0.0,5.0,4.0,0.0,0.0
100,60.50901523962816,146.3530369109651,0.0900691,315.463,33.669,0.0,0.0,6.0,1.0,-3.14392,-3.14406
101,60.50901569575687,146.3530386628084,0.122708,285.747,34.2167,0.0,0.0,6.0,5.0,-12.1877,-12.1878
102,60.50901594778639,146.35304120435,0.152126,280.27,34.5073,0.0,0.0,6.0,4.0,-20.162,-20.1623
103,60.50901613648188,146.3530439358011,0.157187,275.138,34.6563,0.0,0.0,35.0,31.0,-30.4551,-30.4554
104,60.50901731032737,146.353044543661,0.263278,18.5531,34.9393,0.0,0.0,36.0,31.0,-39.335,-39.3355
105,60.50902060899138,146.3530413854485,0.535558,26.9921,35.2259,0.0,0.0,36.0,31.0,-44.55,-44.55
106,60.50902596852097,146.3530360198805,0.747087,25.0105,35.2151,0.0,0.0,36.0,31.0,-44.55,-44.55
107,60.50903262471316,146.3530301528405,0.887572,22.4681,34.8844,0.0,0.0,36.0,31.0,-44.1,-44.1
108,60.50904033544084,146.3530235510471,0.996375,22.6153,34.3922,0.0,0.0,36.0,31.0,-36.9994,-36.9992
109,60.50904929228769,146.353015696003,1.10146,24.6878,33.8593,0.0,0.0,36.0,31.0,-28.4234,-28.4226
110,60.50905864089773,146.3530065494659,1.20221,26.6748,33.4435,0.0,0.0,36.0,31.0,-19.3419,-19.3414
111,60.5090684351152,146.352996509035,1.27656,26.9992,33.0091,0.0,0.0,36.0,31.0,-10.5086,-10.5081
112,60.50907906911014,146.3529845772515,1.36685,30.6232,32.6356,0.0,0.0,0.0,0.0,-1.24014,-1.23954
113,60.5090897832869,146.3529714052704,1.46574,31.8361,32.5116,0.0,0.0,0.0,-2.0,7.98231,7.98301
114,60.50910240497978,146.3529545251557,1.54126,34.8299,32.7464,0.0,0.0,0.0,-2.0,17.4074,17.4083
115,60.50911367293379,146.3529376815203,1.55504,37.7984,33.1806,0.0,0.0,0.0,-2.0,26.2582,26.2592
116,60.50912454334822,146.352919921334,1.54987,39.7064,33.6655,-99.0,0.0,0.0,-2.0,35.2373,35.2384
117,60.50913520209912,146.3529018682627,1.52878,39.5601,34.2063,-99.0,0.0,0.0,-2.0,27.8654,27.8663
118,60.50914577152223,146.3528843336557,1.50104,39.3475,34.83,-99.0,0.0,0.0,-2.0,18.9202,18.921
119,60.50915613636477,146.352867677841,1.43619,37.0425,35.4074,-100.0,0.0,0.0,-2.0,9.83803,9.83869
120,60.50916639324378,146.3528523373939,1.39116,35.6905,35.7843,-100.0,0.0,0.0,-3.0,0.786061,0.78657
121,60.50917656347691,146.3528379999002,1.37496,34.2853,36.0261,-100.0,0.0,0.0,-4.0,0.0,0.0
122,60.50918761426607,146.3528231671345,1.32607,32.6532,36.3716,-100.0,0.0,0.0,-3.0,0.0,0.0
123,60.50919557530409,146.3528138504046,1.05263,29.6336,36.6205,-100.0,100.0,-99.0,-99.0,0.0,0.0
124,60.50920462808031,146.3528026595189,1.10638,33.4435,37.0925,-100.0,100.0,-99.0,-99.0,0.0,0.0
125,60.50921199648796,146.352792035908,1.07972,37.3509,37.6454,-100.0,100.0,-99.0,-99.0,0.0,0.0
126,60.50921930981359,146.352779997823,0.99144,40.6185,38.4295,-100.0,100.0,-99.0,-99.0,0.0,0.0
127,60.50922548292057,146.3527687752631,0.854057,43.6155,39.3041,-100.0,100.0,-99.0,-99.0,0.0,0.0
128,60.50923067589751,146.3527580223701,0.81427,47.4777,40.2741,-100.0,100.0,-99.0,-99.0,0.0,0.0
129,60.50923540091788,146.3527466932047,0.820732,52.4782,41.4369,-100.0,100.0,-99.0,-99.0,0.0,0.0
130,60.50923960840099,146.3527340755252,0.845345,58.705,42.7621,-100.0,-6.0,-99.0,-99.0,0.0,0.0
131,60.50924339888356,146.3527209261128,0.805197,59.8491,44.0493,0.0,0.0,-99.0,-99.0,0.0,0.0
132,60.50924702872741,146.3527074002807,0.712289,62.9656,45.3146,0.0,0.0,-99.0,-99.0,0.0,0.0
133,60.50924962432191,146.3526966173275,0.603079,65.6235,46.3539,0.0,0.0,0.0,-5.0,0.0,0.0
134,60.50925172830414,146.352693680409,0.204409,337.484,46.7282,0.0,0.0,0.0,-6.0,0.0,0.0
135,60.50925289664831,146.3526952616935,0.0843205,300.324,47.1721,0.0,0.0,0.0,-6.0,0.0,0.0
136,60.50925275877133,146.3526962162221,0.0804995,211.928,47.6359,0.0,0.0,0.0,-7.0,0.0,0.0
137,60.50925188921794,146.3526970010664,0.117579,198.382,48.0313,0.0,0.0,3.0,0.0,0.0,0.0
138,60.50925088343796,146.352697506386,0.11764,192.13,48.4648,0.0,0.0,2.0,0.0,0.0,0.0
139,60.5092497101426,146.3526979443604,0.119247,194.676,49.0353,0.0,0.0,3.0,0.0,0.0,0.0
140,60.50924899091296,146.3526988004517,0.0870822,217.954,49.3787,0.0,0.0,2.0,0.0,0.0,0.0
141,60.50924844105539,146.3526994972362,0.0589876,204.775,49.5838,0.0,0.0,3.0,0.0,0.0,0.0
142,60.50924797413033,146.3526996454723,0.0586228,166.452,49.7286,0.0,39.0,3.0,0.0,0.0,0.0
143,60.5092473480794,146.3526990469641,0.0852112,150.026,49.9307,0.0,39.0,3.0,0.0,0.0,0.0
144,60.50924667946195,146.352698094288,0.0877033,145.688,50.1346,-26.0,39.0,3.0,0.0,0.0,0.0
145,60.50924591855976,146.3526968631913,0.127302,137.186,50.2874,-26.0,39.0,3.0,0.0,0.0,0.0
146,60.50924500334537,146.3526951682458,0.166077,136.005,50.4496,-26.0,39.0,3.0,0.0,0.0,0.0
147,60.50924396538263,146.3526931820784,0.165939,137.264,50.762,-68.0,39.0,3.0,0.0,0.0,0.0
148,60.50924269615789,146.3526909414679,0.207131,139.976,51.2933,-100.0,39.0,3.0,0.0,0.0,0.0
149,60.50924110146094,146.3526881668802,0.195789,140.336,51.9825,-100.0,39.0,3.0,0.0,0.0,0.0
150,60.50923975872473,146.3526863873856,0.179712,149.712,52.489,-100.0,39.0,3.0,0.0,0.0,0.0
151,60.50923855620357,146.3526865129557,0.144692,196.543,52.9172,-100.0,38.0,3.0,0.0,0.0,0.0
152,60.50923728264654,146.3526879332943,0.193079,228.316,53.5032,-100.0,0.0,3.0,0.0,0.0,0.0
153,60.50923612365462,146.3526908722263,0.211255,231.267,54.1209,-100.0,-100.0,3.0,0.0,0.0,0.0
154,60.50923479611583,146.3526939927398,0.197128,225.282,54.8424,-100.0,-100.0,3.0,0.0,0.0,0.0
155,60.5092336997015,146.3526961976858,0.182027,228.977,55.4323,-100.0,-100.0,3.0,0.0,0.0,0.0
156,60.50923297256369,146.3526990240295,0.17847,263.039,56.1577,-100.0,-100.0,3.0,0.0,0.0,0.0
157,60.50923337897417,146.3527028107406,0.198387,295.855,56.9966,-100.0,-100.0,3.0,0.0,0.0,0.0
158,60.50923440249593,146.3527061863334,0.239702,305.557,57.6172,-100.0,-100.0,3.0,0.0,0.0,0.0
159,60.50923586557366,146.3527095740789,0.259114,316.449,58.1116,-100.0,-100.0,0.0,0.0,0.0,0.0
160,60.50923788930529,146.3527125507191,0.290822,329.651,58.5765,-100.0,-100.0,0.0,0.0,0.0,0.0
161,60.5092403003303,146.3527149202704,0.329379,337.444,59.101,-100.0,-100.0,0.0,0.0,0.0,0.0
162,60.50924316830922,146.3527171950491,0.389292,339.343,59.5873,-100.0,-100.0,0.0,0.0,0.0,0.0
163,60.50924688858112,146.3527200766393,0.42824,338.557,59.9696,-100.0,-100.0,0.0,0.0,0.0,0.0
164,60.50925063099585,146.3527231581461,0.471271,337.92,60.0904,-100.0,-100.0,0.0,0.0,0.0,0.0
165,60.50925467818406,146.3527264539852,0.512008,338.441,60.2345,-100.0,-100.0,0.0,0.0,0.0,0.0
166,60.50925919786743,146.3527303411291,0.554662,335.577,60.4769,-100.0,-100.0,0.0,0.0,0.0,0.0
167,60.50926383411015,146.3527347973826,0.588757,334.436,60.6264,-100.0,-100.0,0.0,0.0,0.0,0.0
168,60.50926857398411,146.3527394078709,0.60034,333.655,60.5879,-100.0,-67.0,0.0,0.0,0.0,0.0
169,60.50927332293525,146.3527442516926,0.578241,333.024,60.5505,-100.0,-67.0,0.0,0.0,0.0,0.0
170,60.50927750965085,146.3527485192672,0.457877,334.031,60.8098,-100.0,-67.0,0.0,0.0,0.0,0.0
171,60.50928116734516,146.3527521794011,0.447416,333.179,61.2381,-100.0,-67.0,0.0,0.0,0.0,0.0
172,60.50928465346686,146.3527561369502,0.425652,327.617,61.4762,-100.0,-67.0,1.0,0.0,0.0,0.0
173,60.50928780930267,146.3527605022127,0.432715,325.604,61.6234,-100.0,-67.0,1.0,0.0,0.0,0.0
174,60.50929113409798,146.3527648373666,0.433536,328.702,61.8722,-100.0,-67.0,1.0,0.0,0.0,0.0
175,60.50929428505137,146.3527687671488,0.396981,328.509,62.3245,-100.0,-67.0,1.0,0.0,0.0,0.0
176,60.50929710372466,146.3527721958105,0.40056,329.28,62.724,-100.0,-67.0,1.0,0.0,0.0,0.0
177,60.50930063406326,146.3527763315566,0.413096,330.964,62.9052,-100.0,-67.0,4.0,1.0,0.0,0.0
178,60.50930402583721,146.3527798241335,0.434629,334.751,63.0244,-100.0,-67.0,4.0,1.0,0.0,0.0
179,60.50930763175028,146.3527827642346,0.4181,341.818,63.4327,-100.0,-67.0,4.0,1.0,0.0,0.0
180,60.50931153384101,146.3527847035496,0.408052,349.333,63.9791,-100.0,-68.0,4.0,1.0,0.0,0.0
181,60.50931492967219,146.3527859797288,0.429665,349.875,64.1694,-100.0,-68.0,4.0,1.0,0.0,0.0
182,60.50931883361962,146.3527870742509,0.451689,354.242,64.2923,-100.0,-68.0,4.0,1.0,0.0,0.0
183,60.50932312651081,146.3527876647065,0.480203,358.197,64.5313,-100.0,-68.0,4.0,1.0,0.0,0.0
184,60.50932720299359,146.3527873770037,0.437493,5.22292,65.0087,-100.0,-68.0,4.0,1.0,0.0,0.0
185,60.50933132493107,146.3527865507835,0.48344,6.52442,65.416,-100.0,-68.0,6.0,4.0,0.0,0.0
186,60.50933568672637,146.3527853385887,0.477953,9.25934,65.5296,-74.0,-68.0,6.0,3.0,0.0,0.0
187,60.50933995747473,146.3527835205235,0.496946,14.2379,65.5952,-73.0,-68.0,6.0,3.0,0.0,0.0
188,60.50934456696725,146.3527805151043,0.504105,19.7431,65.9772,-74.0,-52.0,6.0,4.0,0.0,0.0
189,60.50934896293955,146.3527774295404,0.510312,19.1663,66.2174,-88.0,-52.0,6.0,4.0,0.0,0.0
190,60.50935271223094,146.3527745167541,0.478576,23.3281,66.3004,-100.0,-52.0,6.0,4.0,0.0,0.0
191,60.50935674642226,146.3527707936362,0.51643,24.8443,66.4523,-100.0,-52.0,6.0,4.0,0.0,0.0
192,60.50936160017368,146.3527664165515,0.549776,24.3403,66.7284,-100.0,-52.0,6.0,4.0,0.0,0.0
193,60.50936535751075,146.3527623025601,0.499086,33.0123,67.2035,-100.0,-53.0,6.0,4.0,0.0,0.0
194,60.50936905460831,146.3527571956551,0.522741,32.2288,67.7502,-100.0,-52.0,6.0,4.0,0.0,0.0
195,60.50937334131051,146.3527522417604,0.562205,28.2865,68.0233,-100.0,-52.0,6.0,4.0,0.0,0.0
196,60.50937818701624,146.3527468171714,0.562777,30.664,68.2631,-100.0,-52.0,6.0,4.0,0.0,0.0
197,60.50938228605445,146.3527412379339,0.540074,35.7917,68.7982,-100.0,-52.0,6.0,4.0,0.0,0.0
198,60.50938632980433,146.3527355601386,0.550091,33.8289,69.2811,-100.0,-52.0,0.0,0.0,0.0,0.0
199,60.5093903534056,146.3527301412981,0.538068,32.7572,69.5627,-100.0,-52.0,0.0,0.0,0.0,0.0
200,60.50939429290535,146.3527253127739,0.575022,30.1013,69.8319,-100.0,-52.0,0.0,0.0,0.0,0.0
201,60.50939889332068,146.3527200981783,0.588367,29.1975,70.1705,-100.0,-52.0,0.0,0.0,0.0,0.0
202,60.50940335709682,146.3527143545705,0.485596,36.8375,70.6419,-100.0,-52.0,0.0,0.0,0.0,0.0
203,60.50940644856713,146.3527096515325,0.47501,34.517,71.0695,-100.0,-52.0,0.0,0.0,0.0,0.0
204,60.50941059147841,146.3527047544606,0.495393,27.5773,71.3777,-100.0,-53.0,0.0,0.0,0.0,0.0
205,60.50941418797046,146.3527012825814,0.471261,23.8947,71.5952,-100.0,-52.0,0.0,0.0,0.0,0.0
206,60.50941806853726,146.3526978913859,0.402389,23.1087,71.9452,-100.0,-52.0,0.0,0.0,0.0,0.0
207,60.50942107088607,146.3526953000758,0.335932,22.3451,72.3547,-100.0,-52.0,0.0,0.0,0.0,0.0
208,60.50942364251542,146.3526935943112,0.336403,13.937,72.622,-100.0,-52.0,0.0,0.0,0.0,0.0
209,60.50942682492953,146.3526926040071,0.371291,4.24226,72.7996,-87.0,-52.0,0.0,0.0,0.0,0.0
210,60.50943026693746,146.3526924055363,0.316547,359.751,73.1106,-73.0,-52.0,0.0,0.0,0.0,0.0
211,60.50943300814519,146.3526925380139,0.278709,357.458,73.4076,-57.0,-52.0,0.0,0.0,0.0,0.0
212,60.50943540008748,146.3526928816301,0.250514,354.653,73.5824,-53.0,-48.0,0.0,0.0,0.0,0.0
213,60.50943766020424,146.3526935415876,0.274931,350.802,73.6722,-53.0,-48.0,0.0,0.0,0.0,0.0
214,60.50944012259787,146.3526944576672,0.278689,348.344,73.8097,-53.0,-48.0,0.0,0.0,0.0,0.0
215,60.5094423907947,146.3526957585992,0.215264,338.283,73.9015,-53.0,-48.0,0.0,0.0,0.0,0.0
216,60.50944400161742,146.3526973203023,0.186211,331.356,73.8871,-53.0,-48.0,0.0,0.0,0.0,0.0
217,60.50944566294918,146.3526989499344,0.219781,334.856,73.973,-39.0,-36.0,0.0,0.0,0.0,0.0
218,60.50944749915436,146.3527008000542,0.234562,331.691,74.0054,-39.0,-36.0,0.0,0.0,0.0,0.0
219,60.50944930015105,146.352702964823,0.208648,325.525,74.0366,-39.0,-36.0,0.0,0.0,0.0,0.0
220,60.50945031569589,146.3527050919007,0.147188,301.892,74.1824,-39.0,-36.0,0.0,0.0,0.0,0.0
221,60.50945095443425,146.3527076333867,0.17181,296.463,74.2118,-39.0,-21.0,0.0,0.0,0.0,0.0
222,60.5094517678741,146.3527105485045,0.191679,303.79,74.2721,-39.0,-19.0,0.0,0.0,0.0,0.0
223,60.50945284083903,146.3527135526658,0.215681,304.133,74.4493,-39.0,-19.0,0.0,0.0,0.0,0.0
224,60.50945353318095,146.3527171215958,0.175661,276.847,74.6073,-39.0,-19.0,0.0,0.0,4.73735,4.73751
225,60.50945342459851,146.3527202791668,0.173062,262.706,74.7539,-39.0,-19.0,0.0,0.0,13.7062,13.7065
226,60.50945343130326,146.3527235319395,0.189804,280.263,74.9051,-39.0,-19.0,0.0,0.0,22.8151,22.8156
227,60.50945407760595,146.3527270708083,0.223007,295.145,75.0606,-39.0,-19.0,0.0,0.0,23.8198,23.8203
228,60.50945466611032,146.35273033069,0.20288,282.907,75.1965,-39.0,-19.0,0.0,0.0,14.8276,14.828
229,60.50945482791808,146.3527343508177,0.202015,267.857,75.3719,-100.0,-19.0,0.0,0.0,5.35896,5.35918
230,60.50945477881874,146.3527377043994,0.212897,271.063,75.5444,-100.0,-19.0,26.0,0.0,0.0,0.0
231,60.50945519489093,146.3527419722847,0.22837,292.169,75.7692,-100.0,-19.0,26.0,0.0,0.0,0.0
232,60.50945614586394,146.3527458953376,0.245839,297.352,76.1077,-100.0,-19.0,26.0,0.0,0.0,0.0
233,60.50945703539401,146.352750227716,0.221369,287.184,76.4796,-100.0,-19.0,26.0,0.0,0.0,0.0
234,60.50945743424018,146.3527538217728,0.184991,279.13,76.8508,-67.0,-19.0,26.0,0.0,0.0,0.0
235,60.50945794844226,146.3527567837377,0.206108,299.982,77.2501,-22.0,-19.0,26.0,0.0,0.0,0.0
236,60.50945924393584,146.3527603620015,0.224774,309.111,77.6812,-22.0,-19.0,26.0,0.0,-3.80489,-3.80503
237,60.50946037500852,146.3527633126911,0.168815,300.424,78.1156,-22.0,-19.0,26.0,0.0,-12.6862,-12.6864
238,60.50946083746376,146.352765551829,0.112227,289.571,78.4774,-22.0,-19.0,26.0,0.0,-12.9083,-12.9085
239,60.50946102588419,146.352767113854,0.0840869,285.512,78.6682,-22.0,-19.0,26.0,25.0,-4.23173,-4.23182
240,60.50946154053326,146.352768224728,0.0853763,334.259,78.9242,-22.0,-19.0,32.0,29.0,0.0,0.0
241,60.50946262680451,146.3527686070668,0.136057,355.368,79.0982,-22.0,-19.0,40.0,38.0,0.0,0.0
242,60.50946331257921,146.3527685295065,0.0363667,60.2887,79.1477,-22.0,-19.0,40.0,38.0,0.0,0.0
243,60.50946338375263,146.3527673650405,0.0903939,80.9312,79.2155,-22.0,-19.0,40.0,38.0,0.0,0.0
244,60.50946375780843,146.3527655517339,0.139891,55.5494,79.2299,-22.0,-19.0,40.0,38.0,0.0,0.0
245,60.50946485556371,146.3527632136784,0.204535,45.374,79.233,-22.0,-19.0,40.0,38.0,0.0,0.0
246,60.50946608156865,146.3527601811563,0.223509,59.3381,79.2762,-22.0,-19.0,40.0,38.0,0.0,0.0
247,60.50946677422001,146.3527560182731,0.2753,79.3277,79.3425,-22.0,-19.0,40.0,38.0,0.0,0.0
248,60.50946723860071,146.3527506709427,0.309305,80.2867,79.3297,-22.0,-19.0,40.0,38.0,0.0,0.0
249,60.50946802195519,146.3527445979172,0.388894,71.789,79.2555,-22.0,-19.0,40.0,38.0,0.0,0.0
250,60.50946937256518,146.3527372639726,0.447996,68.2516,79.3524,-22.0,-19.0,40.0,38.0,0.0,0.0
251,60.50947090392812,146.3527293162975,0.480439,72.1477,79.2313,-22.0,-19.0,40.0,38.0,0.0,0.0
252,60.509471744462,146.3527211265311,0.539146,82.2414,79.136,-22.0,-19.0,26.0,27.0,0.0,0.0
253,60.50947253954119,146.352709843825,0.601266,77.8367,79.1792,-22.0,-19.0,26.0,27.0,0.0,0.0
254,60.50947421297587,146.3526988644237,0.662576,69.5273,79.0989,-22.0,-19.0,26.0,26.0,0.0,0.0
255,60.50947617275459,146.352687001734,0.707034,75.7478,79.1071,-22.0,-19.0,25.0,24.0,0.0,0.0
256,60.5094774276415,146.352673756452,0.779408,80.6455,79.1296,-22.0,-19.0,23.0,24.0,0.0,0.0
257,60.50947921017436,146.3526571313025,0.889967,75.0095,79.0331,-22.0,-19.0,11.0,15.0,0.0,0.0
258,60.50948118673213,146.352642457996,0.937163,74.9455,78.9872,-22.0,-19.0,11.0,10.0,0.0,0.0
259,60.50948338880989,146.3526256584417,0.955347,75.6641,78.9311,-22.0,-19.0,-99.0,-99.0,0.0,0.0
260,60.50948574038619,146.3526069509559,0.978108,75.9735,78.7549,-22.0,-19.0,-99.0,-99.0,0.0,0.0
261,60.50948762173663,146.3525911672322,0.979249,77.0746,78.5605,-22.0,-19.0,-99.0,-99.0,0.0,0.0
262,60.50948946409641,146.3525735641654,0.988678,77.9233,78.6736,-22.0,-19.0,-99.0,-99.0,0.0,0.0
263,60.50949194873604,146.3525545470124,0.986699,72.703,78.8539,-22.0,-19.0,-99.0,-99.0,0.0,0.0
264,60.509494590301,146.3525376103511,0.949104,74.5058,78.97,-22.0,-19.0,-99.0,-99.0,0.0,0.0
265,60.50949627064674,146.3525211634128,0.897991,80.5377,79.074,-22.0,-19.0,-99.0,-99.0,0.0,0.0
266,60.5094977138853,146.352505297361,0.87364,77.8864,79.1454,-22.0,-19.0,-99.0,-99.0,0.0,0.0
267,60.50949971657437,146.3524902564852,0.818837,72.9326,79.2419,-22.0,-19.0,-99.0,-99.0,0.0,0.0
268,60.50950170090275,146.3524769241422,0.714365,73.9865,79.2632,-22.0,-19.0,-99.0,-99.0,0.0,0.0
269,60.50950315731012,146.3524659620329,0.65948,75.0667,79.2734,-22.0,-19.0,-99.0,-99.0,0.0,0.0
270,60.50950459356888,146.3524544073993,0.561562,76.1337,79.0971,-22.0,-19.0,-99.0,-99.0,0.0,0.0
271,60.5095057043898,146.3524451711627,0.465483,77.5629,78.9866,-22.0,-19.0,-99.0,-99.0,0.0,0.0
272,60.50950678598493,146.3524375409958,0.404713,67.8737,79.0012,-22.0,-19.0,-99.0,-99.0,0.0,0.0
273,60.50950838246982,146.3524316498676,0.318831,57.1313,78.8558,-22.0,-19.0,-99.0,-99.0,0.0,0.0
274,60.50950942026064,146.352427523089,0.199813,74.1966,78.6675,-22.0,-19.0,-99.0,-99.0,0.0,0.0
275,60.50950974886173,146.3524245709516,0.134225,70.2673,78.5878,-22.0,-19.0,-26.0,-28.0,0.0,0.0
276,60.50951056285172,146.3524230120332,0.133529,23.0052,78.5043,-22.0,-19.0,0.0,0.0,0.0,0.0
277,60.50951175292613,146.3524228307664,0.0951433,344.083,78.4431,-22.0,-19.0,0.0,0.0,0.0,0.0
278,60.50951217969151,146.3524237484173,0.0691989,277.125,78.46,-22.0,-19.0,0.0,0.0,0.0,0.0
279,60.50951214431111,146.3524252375428,0.113986,270.431,78.4439,-22.0,-19.0,0.0,0.0,0.0,0.0
280,60.50951223752421,146.3524283198935,0.186853,271.737,78.357,-22.0,-19.0,0.0,0.0,0.0,0.0
281,60.50951219543906,146.3524316150069,0.214323,268.348,78.4388,-22.0,-19.0,0.0,0.0,0.0,0.0
282,60.50951239565296,146.3524361541504,0.243602,277.165,78.5243,-22.0,-19.0,0.0,0.0,0.0,0.0
283,60.50951224416018,146.3524407613163,0.252292,258.461,78.3592,-22.0,-19.0,15.0,13.0,0.0,0.0
284,60.5095117085373,146.3524450823315,0.243724,254.476,78.3521,-22.0,-19.0,13.0,13.0,0.0,0.0
285,60.50951149491392,146.3524488970608,0.232968,274.988,78.4236,-22.0,-19.0,13.0,14.0,0.0,0.0
286,60.50951183042606,146.3524535570175,0.236907,281.579,78.4179,-22.0,-19.0,13.0,13.0,0.0,0.0
287,60.50951194915156,146.3524574808193,0.189963,266.062,78.4566,-22.0,-19.0,13.0,13.0,0.0,0.0
288,60.50951182148641,146.3524604601973,0.140547,265.306,78.4702,-22.0,-19.0,13.0,14.0,0.0,0.0
289,60.50951181742918,146.3524627350838,0.113642,277.726,78.4301,-22.0,-19.0,13.0,14.0,0.0,0.0
290,60.50951210621442,146.3524646167396,0.113519,304.651,78.4358,-22.0,-19.0,13.0,14.0,0.0,0.0
291,60.50951278745053,146.3524659792849,0.0890478,325.207,78.4774,-22.0,-19.0,13.0,14.0,0.0,0.0
292,60.50951314324881,146.3524663211312,0.0351705,27.9409,78.3515,-22.0,-19.0,13.0,14.0,0.0,0.0
293,60.5095134486068,146.3524656722862,0.0746425,50.5993,78.236,-22.0,-19.0,13.0,14.0,0.0,0.0
294,60.50951404230306,146.3524640170783,0.130097,52.3438,78.2822,-22.0,-19.0,13.0,13.0,0.0,0.0
295,60.5095148603159,146.3524620076377,0.180809,50.7795,78.2955,-22.0,-19.0,13.0,13.0,0.0,0.0
296,60.5095158012146,146.3524589968845,0.215551,64.7819,78.2138,-22.0,-19.0,13.0,13.0,0.0,0.0
297,60.50951644332253,146.3524546279518,0.283946,77.6778,78.2649,-22.0,-19.0,13.0,13.0,0.0,0.0
298,60.50951711689117,146.352449038314,0.343418,72.1266,78.2341,-22.0,-13.0,13.0,13.0,0.0,0.0
299,60.50951822747141,146.3524427023446,0.391719,70.5725,78.2322,-22.0,-13.0,13.0,13.0,0.0,0.0
300,60.50951968270974,146.3524344021515,0.467278,71.6715,78.3814,-22.0,-13.0,0.0,0.0,0.0,0.0
301,60.50952062195805,146.3524258626166,0.499906,80.473,78.2667,-22.0,-13.0,0.0,0.0,0.0,0.0
302,60.50952158090799,146.3524165590267,0.539317,76.583,78.1715,-22.0,-13.0,0.0,0.0,0.0,0.0
303,60.50952274285687,146.3524068310402,0.553775,75.8431,78.2421,-22.0,-13.0,-9.0,-15.0,0.0,0.0
304,60.50952400400153,146.3523976420971,0.448787,72.1125,78.2472,-22.0,-13.0,-18.0,-17.0,0.0,0.0
305,60.50952516756642,146.3523912849504,0.304112,67.7782,78.1566,-22.0,-13.0,-18.0,-17.0,0.0,0.0
306,60.50952586073354,146.3523873180761,0.16643,76.8238,78.0807,-22.0,-13.0,-18.0,-17.0,0.0,0.0
307,60.50952606166948,146.352385119436,0.0832473,73.097,78.1134,-22.0,-13.0,-18.0,-17.0,0.0,0.0
308,60.50952632050688,146.3523844722716,0.0411987,0.0,78.1784,-22.0,-13.0,-18.0,-17.0,0.0,0.0
309,60.50952692413991,146.3523854121563,0.099701,304.265,78.2759,-54.0,-13.0,-18.0,-17.0,0.0,0.0
310,60.509526993491,146.3523872298217,0.114744,255.797,78.3385,-54.0,-13.0,0.0,0.0,0.0,0.0
311,60.50952667785241,146.3523892647638,0.126977,259.799,78.3704,-54.0,-13.0,0.0,0.0,0.0,0.0
312,60.50952668895821,146.3523919222297,0.164432,276.353,78.61,-54.0,-13.0,0.0,0.0,0.0,0.0
313,60.50952685815837,146.3523951883368,0.187808,276.034,78.9111,-54.0,-13.0,0.0,0.0,0.0,0.0
314,60.5095269718983,146.3523985474572,0.181446,272.494,79.0639,-19.0,-13.0,0.0,0.0,0.0,0.0
315,60.50952707088779,146.3524018503354,0.188593,273.967,79.1794,-19.0,-15.0,0.0,0.0,0.0,0.0
316,60.50952706236073,146.352405237329,0.177397,267.005,79.3203,-19.0,-15.0,0.0,0.0,0.0,0.0
317,60.50952708890463,146.3524083614632,0.169431,278.565,79.4681,-19.0,-15.0,0.0,0.0,0.0,0.0
318,60.50952749490251,146.3524112933823,0.186361,288.084,79.5193,-19.0,-15.0,0.0,0.0,0.0,0.0
319,60.50952763322648,146.3524144486762,0.142008,251.39,79.4902,-19.0,-15.0,0.0,0.0,0.0,0.0
320,60.50952711005035,146.3524165978286,0.118713,247.737,79.5047,-19.0,-15.0,0.0,0.0,0.0,0.0
321,60.50952705857857,146.3524187468706,0.133104,284.108,79.5308,-19.0,-15.0,0.0,0.0,0.0,0.0
322,60.50952746519535,146.3524212588963,0.143013,284.103,79.5874,-19.0,-15.0,0.0,0.0,0.0,0.0
323,60.50952750954979,146.3524236234315,0.121013,260.858,79.6312,-19.0,-15.0,0.0,0.0,0.0,0.0
324,60.50952732714644,146.3524257530131,0.116151,263.295,79.566,-19.0,-15.0,0.0,0.0,0.0,0.0
325,60.50952721175612,146.3524279560882,0.129855,263.777,79.529,-19.0,-15.0,0.0,0.0,0.0,0.0
326,60.50952720556713,146.3524304359109,0.14132,277.608,79.5905,-19.0,-15.0,0.0,0.0,0.0,0.0
327,60.50952762476819,146.3524331790423,0.148554,292.416,79.6402,-19.0,-15.0,0.0,0.0,0.0,0.0
328,60.50952784117661,146.3524354338304,0.140252,267.124,79.5436,-19.0,-15.0,0.0,0.0,0.0,0.0
329,60.50952755441998,146.3524379337667,0.134942,253.063,79.4787,-19.0,-15.0,0.0,0.0,0.0,0.0
330,60.50952749342402,146.352440245979,0.132309,282.666,79.5325,-19.0,-15.0,0.0,0.0,0.0,0.0
331,60.50952793267054,146.3524427078775,0.145554,289.354,79.5494,-19.0,-15.0,0.0,0.0,0.0,0.0
332,60.50952809729773,146.3524450278337,0.116948,260.538,79.5582,-19.0,-15.0,0.0,0.0,0.0,0.0
333,60.50952775208951,146.3524473256333,0.123803,254.808,79.5161,-19.0,-15.0,0.0,0.0,0.0,0.0
334,60.50952760197207,146.3524495281595,0.12369,272.227,79.4147,-19.0,-15.0,0.0,0.0,0.0,0.0
335,60.50952757718172,146.3524517796626,0.121026,266.91,79.4898,-19.0,-15.0,0.0,0.0,0.0,0.0
336,60.50952772272618,146.3524537994608,0.126063,286.535,79.5391,-19.0,-15.0,0.0,0.0,0.0,0.0
337,60.5095278827804,146.3524559434415,0.114012,268.706,79.3657,-19.0,-15.0,0.0,0.0,0.0,0.0
338,60.5095275609528,146.3524581755227,0.124065,248.405,79.2859,-19.0,-15.0,0.0,0.0,0.0,0.0
339,60.50952729300384,146.3524604526993,0.135956,270.145,79.3294,-19.0,-15.0,0.0,0.0,0.0,0.0
340,60.50952754995015,146.3524631468626,0.15786,285.064,79.3638,-19.0,-15.0,0.0,0.0,0.0,0.0
341,60.509527731322,146.352465645576,0.148815,265.302,79.3127,-19.0,-15.0,0.0,0.0,0.0,0.0
342,60.50952736596517,146.3524684412377,0.141557,250.225,79.3226,-19.0,-15.0,0.0,0.0,0.0,0.0
343,60.50952701264249,146.3524706365714,0.135688,256.315,79.3203,-19.0,-15.0,0.0,0.0,0.0,0.0
344,60.50952699462565,146.3524732684273,0.156454,277.312,79.3047,-19.0,-15.0,0.0,0.0,0.0,0.0
345,60.50952712803281,146.3524758027926,0.124319,276.183,79.4246,-19.0,-15.0,0.0,0.0,0.0,0.0
346,60.50952708330015,146.3524782837381,0.137393,255.825,79.3732,-19.0,-15.0,0.0,0.0,0.0,0.0
347,60.50952684663997,146.3524805196975,0.135027,257.519,79.222,-19.0,-15.0,0.0,0.0,0.0,0.0
348,60.50952664023708,146.3524828380692,0.125498,264.742,79.2805,-19.0,-15.0,0.0,0.0,0.0,0.0
349,60.50952674600008,146.3524853507223,0.132938,283.821,79.3213,-19.0,-15.0,0.0,0.0,0.0,0.0
350,60.5095269679786,146.3524874579342,0.121166,274.143,79.2529,-19.0,-15.0,0.0,0.0,0.0,0.0
351,60.50952683030791,146.3524895657864,0.117286,256.371,79.2371,-19.0,-15.0,0.0,0.0,0.0,0.0
352,60.50952659798003,146.3524917070737,0.124537,262.953,79.1973,-23.0,-15.0,0.0,0.0,0.0,0.0
353,60.50952675720904,146.3524942971219,0.147819,284.94,79.2197,-23.0,-15.0,0.0,0.0,0.0,0.0
354,60.50952723245486,146.3524970101691,0.147375,286.303,79.3149,-23.0,-4.0,0.0,0.0,0.0,0.0
355,60.50952713597535,146.3524993435513,0.135963,246.801,79.3655,-23.0,-5.0,0.0,0.0,0.0,0.0
356,60.50952658133851,146.3525016558777,0.133033,246.743,79.3112,-23.0,-4.0,0.0,0.0,0.0,0.0
357,60.50952623575207,146.3525038294907,0.117919,255.155,79.3639,-23.0,-4.0,0.0,0.0,0.0,0.0
358,60.50952594407863,146.3525060242529,0.130354,258.453,79.6207,-23.0,-4.0,0.0,0.0,7.59749,7.5977
359,60.50952565312723,146.3525083159133,0.125159,257.565,79.6531,-23.0,-4.0,0.0,0.0,16.9699,16.9702
360,60.50952525273383,146.3525106688566,0.125939,242.038,79.6364,-23.0,-4.0,0.0,0.0,26.2517,26.2522
361,60.50952473323672,146.3525125122751,0.128609,242.409,79.7329,-23.0,-4.0,0.0,0.0,35.2589,35.2596
362,60.5095244616775,146.3525149531768,0.128188,274.917,79.8359,-23.0,-4.0,0.0,0.0,44.4602,44.4612
363,60.5095246575591,146.3525170258678,0.124527,283.96,79.9207,-23.0,-4.0,0.0,0.0,44.55,44.55
364,60.50952458280982,146.352519427185,0.135815,244.147,79.9163,-23.0,-4.0,0.0,0.0,44.55,44.55
365,60.50952397597916,146.3525213497015,0.127143,237.404,79.8657,-23.0,-4.0,0.0,0.0,44.55,44.55
366,60.50952374427017,146.3525235466771,0.122451,279.277,79.891,-23.0,-4.0,0.0,0.0,44.14,44.1399
367,60.50952389896059,146.3525258248691,0.123596,270.0,79.9867,-23.0,-4.0,0.0,0.0,36.3505,36.3501
368,60.50952377624662,146.3525279243642,0.111083,257.596,80.0644,-100.0,-4.0,0.0,0.0,31.95,31.95
369,60.50952349719185,146.3525299821286,0.121815,251.259,80.0724,-100.0,-4.0,0.0,0.0,31.95,31.95
370,60.50952310250607,146.3525324431064,0.136114,248.158,80.2253,-100.0,-4.0,0.0,0.0,31.95,31.95
371,60.50952292457255,146.3525348734054,0.144568,281.924,80.5329,-100.0,-4.0,0.0,0.0,25.5195,25.5194
372,60.50952344953661,146.3525372562071,0.169667,299.055,80.7283,-100.0,-4.0,0.0,0.0,20.2047,20.2046
373,60.50952362282839,146.3525402227081,0.153006,255.777,81.0235,-14.0,-10.0,0.0,0.0,7.33893,7.33865
374,60.50952324550617,146.3525432517073,0.148858,265.105,81.34,-14.0,-10.0,0.0,0.0,0.0,0.0
375,60.50952352315123,146.3525456908116,0.1694,297.915,81.5642,-14.0,-10.0,0.0,0.0,0.0,0.0
376,60.50952434934729,146.3525485413299,0.17388,293.629,81.8321,-14.0,-10.0,0.0,0.0,0.0,0.0
377,60.50952456582448,146.3525514716234,0.136104,267.325,82.0124,-14.0,-10.0,0.0,0.0,0.0,0.0
378,60.50952447639354,146.3525536624403,0.129586,264.984,82.0512,-14.0,-10.0,0.0,0.0,0.0,0.0
379,60.50952441539759,146.3525559590594,0.122936,263.828,82.0477,-14.0,-10.0,0.0,0.0,0.0,0.0
380,60.50952425073602,146.3525583208581,0.132224,265.607,82.1207,-14.0,-10.0,0.0,0.0,0.0,0.0
381,60.50952442371835,146.3525606703278,0.115357,285.36,82.0886,-14.0,-10.0,0.0,0.0,0.0,0.0
382,60.50952444324805,146.3525627731314,0.126195,255.586,81.8759,-14.0,-10.0,0.0,0.0,0.0,0.0
383,60.50952377604033,146.3525648220745,0.129367,232.765,81.7807,-14.0,-10.0,0.0,0.0,0.0,0.0
384,60.50952365796811,146.352566734454,0.117823,291.181,81.6833,-14.0,-10.0,0.0,0.0,0.0,0.0
385,60.50952414411344,146.3525686099404,0.12538,297.477,81.5249,-14.0,-10.0,0.0,0.0,0.0,0.0
386,60.50952425637487,146.3525706236207,0.112771,260.538,81.4248,-14.0,-10.0,0.0,0.0,0.0,0.0
387,60.5095239423523,146.3525727844171,0.100546,255.869,81.2992,-14.0,-10.0,0.0,0.0,0.0,0.0
388,60.50952376947312,146.3525743248082,0.0948267,259.992,81.1689,-14.0,-10.0,1.0,0.0,0.0,0.0
389,60.50952369279838,146.3525761180042,0.0965282,275.204,81.0949,-14.0,-10.0,1.0,0.0,0.0,0.0
390,60.50952413936854,146.3525779806914,0.111126,309.987,80.9774,-14.0,-10.0,1.0,0.0,0.0,0.0
391,60.50952449509806,146.3525792464158,0.0610314,278.085,80.7823,-14.0,-10.0,1.0,0.0,0.0,0.0
392,60.50952435412657,146.3525802616544,0.0571403,237.265,80.5885,-14.0,-10.0,0.0,0.0,0.0,0.0
393,60.50952416082372,146.3525810051438,0.040286,287.354,80.544,-14.0,-10.0,2.0,0.0,0.0,0.0
394,60.50952462111281,146.3525816543695,0.0634581,324.246,80.4285,-14.0,-10.0,1.0,0.0,0.0,0.0
395,60.50952486513101,146.3525824695973,0.0447757,258.949,80.2673,-14.0,-10.0,1.0,0.0,0.0,0.0
396,60.50952449843324,146.3525830432756,0.05021,205.952,80.1828,-14.0,-10.0,1.0,0.0,0.0,0.0
397,60.50952420335585,146.352583341835,0.0211889,220.4,80.0644,-14.0,-10.0,0.0,0.0,0.0,0.0
398,60.50952422642703,146.3525836046807,0.018648,338.394,79.9946,-14.0,-10.0,1.0,0.0,0.0,0.0
399,60.50952440250386,146.3525834102866,0.032108,54.3555,80.0054,-14.0,-10.0,2.0,0.0,0.0,0.0
400,60.50952433184619,146.3525828266844,0.0403897,125.311,79.8992,-14.0,-10.0,2.0,0.0,0.0,0.0
401,60.5095240596337,146.3525821066909,0.0475239,119.899,79.7322,-14.0,-10.0,2.0,0.0,0.0,0.0
402,60.5095239530455,146.3525812769526,0.0604599,91.9525,79.6891,-14.0,-10.0,2.0,0.0,0.0,0.0
403,60.50952413991868,146.3525801041042,0.0688737,69.5777,79.7269,-14.0,-10.0,2.0,0.0,0.0,0.0
404,60.50952413826828,146.352578733047,0.0689942,110.69,79.6017,-14.0,-10.0,2.0,0.0,0.0,0.0
405,60.50952373780611,146.3525775291475,0.0903834,124.867,79.4961,-14.0,-10.0,2.0,0.0,0.0,0.0
406,60.50952341312471,146.3525763274581,0.0721519,103.904,79.4629,-14.0,-10.0,2.0,0.0,0.0,0.0
407,60.50952356657733,146.3525750348865,0.0745858,57.8828,79.389,-14.0,-10.0,2.0,0.0,0.0,0.0
408,60.50952390875982,146.3525739533322,0.0746299,64.378,79.3451,-14.0,-10.0,2.0,0.0,0.0,0.0
409,60.50952399880966,146.3525726401703,0.074983,103.909,79.3144,-14.0,-10.0,2.0,0.0,0.0,0.0
410,60.50952352493916,146.352571107167,0.083133,118.894,79.1081,-14.0,-10.0,2.0,0.0,0.0,0.0
411,60.50952345765107,146.3525697678674,0.0828257,84.1712,79.0601,-14.0,-10.0,2.0,0.0,0.0,0.0
412,60.50952367725714,146.3525683020885,0.0774786,64.684,79.0716,-100.0,-10.0,2.0,0.0,0.0,0.0
413,60.50952386856576,146.3525670117358,0.0702666,85.3758,78.945,-100.0,-10.0,2.0,0.0,0.0,0.0
414,60.50952382101367,146.3525657281205,0.0742151,92.2535,78.878,-100.0,-10.0,2.0,0.0,0.0,0.0
415,60.50952377638416,146.3525640541262,0.0892804,91.1017,78.915,-100.0,-10.0,2.0,0.0,0.0,0.0
416,60.50952411382176,146.352562614494,0.118844,38.6081,79.0597,-100.0,-10.0,2.0,0.0,0.0,0.0
417,60.50952506104699,146.3525611446498,0.112652,41.1695,79.2067,-100.0,-10.0,2.0,0.0,0.0,0.0
418,60.50952554849889,146.3525597445221,0.0692874,82.3115,79.4186,-14.0,-10.0,2.0,0.0,0.0,0.0
419,60.50952559030897,146.3525585505451,0.0799935,78.1113,79.6002,-14.0,-10.0,2.0,0.0,0.0,0.0
420,60.50952621591291,146.352557257308,0.10147,32.776,79.8475,-14.0,-10.0,2.0,0.0,0.0,0.0
421,60.50952702037873,146.352556062599,0.107104,41.8166,80.1139,-14.0,-10.0,100.0,100.0,0.0,0.0
422,60.50952758942217,146.3525544792362,0.10802,62.8649,80.2276,-14.0,-10.0,0.0,0.0,0.0,0.0
423,60.50952787377197,146.3525526453394,0.108594,76.8424,80.1861,-14.0,-10.0,0.0,0.0,0.0,0.0
424,60.50952811087913,146.3525505597401,0.120161,79.3803,80.207,-14.0,-10.0,0.0,0.0,0.0,0.0
425,60.50952845495271,146.3525484039483,0.134808,63.696,80.2186,-14.0,-10.0,0.0,0.0,0.0,0.0
426,60.50952908464827,146.3525462759351,0.129374,58.1235,80.1596,-14.0,-10.0,100.0,100.0,0.0,0.0
427,60.5095293434169,146.3525443590677,0.106384,101.165,79.9601,-14.0,-10.0,100.0,100.0,0.0,0.0
428,60.50952890698981,146.3525419578678,0.143435,110.235,79.7658,-14.0,-10.0,0.0,0.0,0.0,0.0
429,60.5095290500243,146.3525394128575,0.162426,59.5866,79.6878,-14.0,-10.0,0.0,0.0,0.0,0.0
430,60.50952983643889,146.3525369751785,0.174938,60.6177,79.5628,-14.0,-10.0,0.0,0.0,0.0,0.0
431,60.50953021441438,146.3525338927172,0.183065,86.1287,79.4272,-14.0,-10.0,0.0,0.0,0.0,0.0
432,60.50953018267861,146.3525306488529,0.168978,91.5717,79.214,-14.0,-10.0,0.0,0.0,0.0,0.0
433,60.50953008568335,146.352527442315,0.151996,96.3545,79.0031,-14.0,-10.0,0.0,0.0,0.0,0.0
434,60.50953004390765,146.3525251830307,0.131749,81.986,78.955,-14.0,-10.0,0.0,0.0,0.0,0.0
435,60.50953041906372,146.3525229164106,0.120705,67.1545,78.8102,-14.0,-10.0,0.0,0.0,0.0,0.0
436,60.50953064413674,146.3525207272326,0.106802,102.249,78.5331,-14.0,-10.0,0.0,0.0,0.0,0.0
437,60.50953017535497,146.3525189865094,0.103923,120.801,78.3563,-14.0,100.0,0.0,0.0,0.0,0.0
438,60.50952985737831,146.3525174228418,0.0797958,86.5467,78.2716,-14.0,100.0,0.0,0.0,0.0,0.0
439,60.50953018450093,146.3525161647566,0.0494316,66.4618,78.1535,-14.0,100.0,0.0,0.0,0.0,0.0
440,60.50952982206668,146.3525153317361,0.118589,151.654,78.063,-14.0,100.0,0.0,0.0,0.0,0.0
441,60.50952851330115,146.3525141447536,0.164503,156.377,78.0791,-14.0,100.0,0.0,0.0,0.0,0.0
442,60.50952717108069,146.3525131181626,0.154592,162.953,78.0603,-14.0,100.0,0.0,0.0,0.0,0.0
443,60.50952561664656,146.3525122497769,0.211438,164.17,78.1668,-14.0,100.0,0.0,0.0,0.0,0.0
444,60.50952365899961,146.3525110774237,0.222261,164.225,78.4411,-100.0,100.0,0.0,0.0,0.0,0.0
445,60.50952158857547,146.3525100905403,0.280415,169.275,78.5407,-100.0,93.0,0.0,0.0,0.0,0.0
446,60.50951859262194,146.3525090843799,0.388011,171.246,78.782,-94.0,0.0,0.0,0.0,0.0,0.0
447,60.50951484315863,146.3525077498303,0.34048,169.308,79.3737,0.0,0.0,0.0,0.0,0.0,0.0
448,60.50951221720369,146.3525068237766,0.282146,171.604,79.9129,0.0,0.0,0.0,0.0,0.0,0.0
449,60.50950908261674,146.3525061902066,0.354398,175.11,80.3941,0.0,0.0,0.0,0.0,0.0,0.0
450,60.50950587300545,146.3525057443252,0.338978,176.051,80.7617,0.0,0.0,0.0,0.0,0.0,0.0
451,60.50950344296648,146.3525056524439,0.253439,182.484,80.9664,0.0,0.0,0.0,0.0,0.0,0.0
452,60.50950148844841,146.3525062192503,0.166548,193.349,81.1039,0.0,0.0,0.0,0.0,0.0,0.0
453,60.50950018549366,146.352506831014,0.174663,191.796,81.1473,0.0,0.0,0.0,0.0,0.0,0.0
454,60.50949843249605,146.3525075308698,0.207549,191.449,81.0539,0.0,0.0,0.0,0.0,0.0,0.0
455,60.50949656029156,146.352508621131,0.182634,199.321,80.858,0.0,0.0,0.0,0.0,0.0,0.0
456,60.50949519324637,146.3525095169217,0.115835,203.031,80.7545,0.0,0.0,0.0,0.0,0.0,0.0
457,60.50949468664298,146.352510380771,0.0765327,233.85,80.6074,0.0,0.0,0.0,0.0,0.0,0.0
458,60.50949393574633,146.3525116913001,0.135149,205.263,80.2811,0.0,0.0,0.0,0.0,0.0,0.0
459,60.50949259686104,146.3525125854135,0.187196,197.504,80.1308,0.0,0.0,0.0,0.0,0.0,0.0
460,60.50949111879221,146.3525138003259,0.126499,212.137,79.9365,0.0,0.0,0.0,0.0,0.0,0.0
461,60.50949050023684,146.3525152171898,0.0797248,239.459,79.6786,-24.0,0.0,0.0,0.0,0.0,0.0
462,60.50949009582059,146.3525163912013,0.0991913,223.808,79.5217,-25.0,0.0,0.0,0.0,0.0,0.0
463,60.50948895518935,146.3525175798619,0.180044,199.61,79.3963,-26.0,0.0,0.0,0.0,0.0,0.0
464,60.50948745504644,146.3525188426713,0.135428,210.466,79.2831,-26.0,0.0,0.0,0.0,0.0,0.0
465,60.50948676177618,146.3525200223182,0.0935106,231.11,79.2178,-26.0,0.0,0.0,0.0,0.0,0.0
466,60.50948644710032,146.3525212998898,0.0741355,254.419,79.2873,-26.0,0.0,0.0,0.0,0.0,0.0
467,60.50948619393616,146.3525227795973,0.100684,239.237,79.3015,-26.0,0.0,0.0,0.0,0.0,0.0
468,60.50948536801516,146.3525242299218,0.144917,210.149,79.2726,-26.0,0.0,0.0,0.0,0.0,0.0
469,60.50948419093764,146.35252563689,0.111623,220.697,79.3456,-26.0,0.0,0.0,0.0,0.0,0.0
470,60.50948402448814,146.3525271054396,0.106304,289.43,79.3918,-26.0,0.0,0.0,0.0,0.0,0.0
471,60.50948425313701,146.3525287593414,0.089016,256.392,79.4103,-26.0,0.0,0.0,0.0,0.0,0.0
472,60.5094833782886,146.3525301422936,0.16091,206.346,79.5186,-26.0,0.0,0.0,0.0,0.0,0.0
473,60.50948214069649,146.3525314752095,0.137932,215.272,79.565,-26.0,0.0,0.0,0.0,0.0,0.0
474,60.50948157161866,146.3525330140195,0.0842261,254.151,79.5755,-26.0,0.0,0.0,0.0,0.0,0.0
475,60.5094813606428,146.3525345070821,0.0867024,240.593,79.6689,-26.0,0.0,0.0,0.0,0.0,0.0
476,60.50948075848826,146.3525359456599,0.121505,219.267,79.7198,-26.0,0.0,0.0,0.0,0.0,0.0
477,60.50947983117095,146.3525373119173,0.131447,215.807,79.6826,-26.0,0.0,0.0,0.0,0.0,0.0
478,60.50947891392794,146.3525385434056,0.128711,210.806,79.7043,-26.0,0.0,0.0,0.0,0.0,0.0
479,60.50947823454853,146.3525398166056,0.0752372,255.33,79.8128,-26.0,0.0,0.0,0.0,0.0,0.0
480,60.50947829310327,146.3525413346659,0.0865235,270.682,79.82,-26.0,0.0,0.0,0.0,0.0,0.0
481,60.5094776566342,146.3525425477122,0.1656,201.912,79.8774,-28.0,0.0,0.0,0.0,0.0,0.0
482,60.50947612293321,146.3525438083002,0.132713,209.782,80.0027,-28.0,0.0,0.0,0.0,0.0,0.0
483,60.50947560309226,146.3525452591102,0.08978,263.853,80.0104,-28.0,0.0,0.0,0.0,0.0,0.0
484,60.50947569358907,146.3525468657081,0.0810258,269.636,79.9963,-28.0,0.0,0.0,0.0,0.0,0.0
485,60.50947531726397,146.3525482245987,0.10382,223.459,80.0747,-28.0,0.0,0.0,0.0,0.0,0.0
486,60.5094744921338,146.3525495964009,0.12923,217.281,80.0539,-28.0,0.0,0.0,0.0,0.0,0.0
487,60.50947357458134,146.3525512188233,0.118995,222.018,80.0313,-28.0,0.0,0.0,0.0,0.0,0.0
488,60.50947302840279,146.3525525994713,0.0819104,261.564,80.0629,-28.0,0.0,0.0,0.0,0.0,0.0
489,60.50947311566758,146.3525539693929,0.0825804,273.814,80.0237,-28.0,0.0,0.0,0.0,0.0,0.0
490,60.50947265390001,146.3525553199497,0.144232,209.677,79.9814,-28.0,0.0,0.0,0.0,0.0,0.0
491,60.50947112092106,146.3525567069501,0.156311,207.184,80.0491,-28.0,0.0,0.0,0.0,0.0,0.0
492,60.5094704356621,146.3525581143604,0.0821231,260.616,80.0346,-28.0,0.0,0.0,0.0,0.0,0.0
493,60.50947050473813,146.3525596134839,0.0817427,262.397,80.0077,-28.0,0.0,1.0,0.0,0.0,0.0
494,60.50946996241051,146.3525608537953,0.113188,209.831,80.0905,-28.0,0.0,0.0,0.0,0.0,0.0
495,60.5094689519544,146.3525618363756,0.11977,207.3,80.0948,-28.0,0.0,0.0,0.0,0.0,0.0
496,60.50946827601332,146.3525627988311,0.0692602,222.388,80.0761,-28.0,0.0,0.0,0.0,0.0,0.0
497,60.50946798378974,146.3525633635813,0.0196273,230.323,80.1322,-28.0,0.0,0.0,0.0,0.0,0.0
498,60.50946800717038,146.3525635200612,0.00466969,197.103,80.166,-28.0,0.0,0.0,0.0,0.0,0.0
499,60.50946758845068,146.3525632406001,0.0868126,160.598,80.1743,-28.0,0.0,0.0,0.0,0.0,0.0
500,60.50946666666908,146.3525625268829,0.121101,155.906,80.2176,-28.0,0.0,0.0,0.0,0.0,0.0
501,60.50946594193811,146.3525614517009,0.0748798,113.509,80.2684,-28.0,0.0,0.0,0.0,0.0,0.0
502,60.50946619627131,146.3525600889407,0.0978839,63.8843,80.4201,-28.0,0.0,0.0,0.0,0.0,0.0
503,60.50946618953218,146.3525574582093,0.185746,102.598,80.4943,-28.0,0.0,0.0,0.0,0.0,0.0
504,60.50946576414212,146.3525538435552,0.172684,99.5559,80.626,-28.0,0.0,0.0,0.0,0.0,0.0
505,60.50946567302641,146.3525508603339,0.15793,89.7509,80.8826,-28.0,0.0,0.0,0.0,0.0,0.0
506,60.50946576754607,146.3525486088191,0.120006,79.7831,81.0426,-28.0,0.0,0.0,0.0,0.0,0.0
507,60.50946578136815,146.3525464525505,0.127664,101.793,81.1666,-28.0,0.0,0.0,0.0,0.0,0.0
508,60.50946499591629,146.3525439606631,0.176528,136.182,81.3323,-28.0,0.0,0.0,0.0,0.0,0.0
509,60.50946385339397,146.352541797978,0.159867,134.521,81.4228,-28.0,0.0,0.0,0.0,0.0,0.0
510,60.50946311356874,146.3525397120508,0.1177,111.025,81.5041,-28.0,0.0,0.0,0.0,0.0,0.0
511,60.50946300962806,146.352537843163,0.1006,100.62,81.666,-28.0,0.0,0.0,0.0,0.0,0.0
512,60.50946253225047,146.3525360634631,0.137912,128.125,81.7601,-28.0,0.0,0.0,0.0,0.0,0.0
513,60.50946145385299,146.3525341753089,0.171,144.108,81.8175,-28.0,0.0,0.0,0.0,0.0,0.0
514,60.50946051377947,146.3525324892727,0.102299,122.25,81.9186,-28.0,0.0,0.0,0.0,0.0,0.0
515,60.50946054369293,146.3525309945821,0.0997943,69.3517,82.0029,-28.0,0.0,0.0,0.0,0.0,0.0
516,60.50946066981084,146.3525292325637,0.103904,107.896,82.0612,-28.0,0.0,0.0,0.0,0.0,0.0
517,60.50945985410169,146.3525275281217,0.158891,143.39,82.1868,-28.0,0.0,0.0,0.0,0.0,0.0
518,60.50945879616226,146.3525257864244,0.129931,136.606,82.2566,-28.0,0.0,0.0,0.0,0.0,0.0
519,60.50945813603749,146.3525238976173,0.0977988,112.063,82.2613,-28.0,0.0,0.0,0.0,0.0,0.0
520,60.50945798117515,146.352522174089,0.1081,105.096,82.3729,-28.0,0.0,0.0,0.0,0.0,0.0
521,60.50945745366673,146.3525201738741,0.140651,130.396,82.4813,-28.0,0.0,0.0,0.0,0.0,0.0
522,60.50945650338138,146.3525184856134,0.167416,143.8,82.4766,-28.0,0.0,0.0,0.0,0.0,0.0
523,60.509455322728,146.3525165016992,0.127622,131.128,82.5325,-28.0,0.0,0.0,0.0,0.0,0.0
524,60.50945517484547,146.3525148739539,0.0892487,65.2095,82.5997,-28.0,0.0,0.0,0.0,0.0,0.0
525,60.50945538145466,146.3525134872587,0.0947876,91.4528,82.5905,-28.0,0.0,0.0,0.0,0.0,0.0
526,60.50945457753897,146.3525114949044,0.169318,147.083,82.6458,-28.0,0.0,0.0,0.0,0.0,0.0
527,60.50945338605484,146.3525098000172,0.136842,140.038,82.7282,-28.0,0.0,0.0,0.0,0.0,0.0
528,60.5094528886318,146.3525082079936,0.0834239,98.9971,82.7496,-28.0,0.0,0.0,0.0,0.0,0.0
529,60.50945279858197,146.3525067027502,0.0909384,104.876,82.775,-28.0,0.0,0.0,0.0,0.0,0.0
530,60.50945237405149,146.3525049169134,0.133692,121.506,82.8338,-28.0,0.0,0.0,0.0,0.0,0.0
531,60.50945141609867,146.3525026472656,0.1769,136.297,82.882,-28.0,0.0,0.0,0.0,0.0,0.0
532,60.50945038827901,146.3525006889337,0.121418,133.625,82.9267,-28.0,0.0,0.0,0.0,0.0,0.0
533,60.5094501337739,146.3524991269261,0.0853659,74.8459,83.0038,-28.0,0.0,0.0,0.0,0.0,0.0
534,60.5094501998242,146.3524973554549,0.0908193,116.856,83.0205,-28.0,0.0,0.0,0.0,0.0,0.0
535,60.50944940783952,146.3524961098833,0.170736,153.229,83.048,-28.0,0.0,0.0,0.0,0.0,0.0
536,60.50944797611935,146.3524944924598,0.156419,143.344,83.1603,-28.0,0.0,0.0,0.0,0.0,0.0
537,60.50944730052211,146.3524928932385,0.0882241,115.468,83.1826,-28.0,0.0,0.0,0.0,0.0,0.0
538,60.50944708414806,146.3524915071984,0.0870416,119.801,83.2362,-28.0,0.0,0.0,0.0,0.0,0.0
539,60.50944622250283,146.3524898473197,0.152702,145.488,83.375,-28.0,0.0,0.0,0.0,0.0,0.0
540,60.50944495702587,146.352488259373,0.163995,149.839,83.4153,-28.0,0.0,0.0,0.0,0.0,0.0
541,60.50944394364719,146.3524868350926,0.113024,131.12,83.4303,-28.0,0.0,0.0,0.0,0.0,0.0
542,60.50944355143701,146.3524854780515,0.0839298,100.965,83.482,-28.0,0.0,0.0,0.0,0.0,0.0
543,60.50944351028021,146.3524840357254,0.0950359,110.072,83.534,-28.0,0.0,0.0,0.0,0.0,0.0
544,60.50944253864284,146.3524821982259,0.19361,148.339,83.627,-28.0,0.0,0.0,0.0,0.0,0.0
545,60.50944106053962,146.3524805262393,0.165725,149.637,83.6887,-31.0,0.0,0.0,0.0,0.0,0.0
546,60.50944028206757,146.3524788318149,0.0845719,103.021,83.7543,-31.0,0.0,0.0,0.0,0.0,0.0
547,60.50944035719505,146.3524772808691,0.0880315,93.2418,83.8144,-31.0,0.0,0.0,0.0,0.0,0.0
548,60.50943975813501,146.3524755797206,0.151909,136.603,83.8991,-31.0,0.0,0.0,0.0,0.0,0.0
549,60.50943866539969,146.3524736303155,0.162163,139.938,83.9852,-31.0,0.0,0.0,0.0,0.0,0.0
550,60.50943773371571,146.3524718429271,0.116471,127.816,84.0433,-31.0,0.0,0.0,0.0,0.0,0.0
551,60.50943734019896,146.3524702024316,0.0907107,100.247,84.1126,-31.0,0.0,0.0,0.0,0.0,0.0
552,60.50943718973768,146.3524684048378,0.0988632,113.538,84.1646,-31.0,0.0,0.0,0.0,0.0,0.0
553,60.50943628810469,146.35246683073,0.21515,148.009,84.2308,-31.0,0.0,0.0,0.0,0.0,0.0
554,60.50943453098108,146.352464797947,0.193328,147.326,84.3563,-31.0,0.0,0.0,0.0,0.0,0.0
555,60.50943350690919,146.3524631041374,0.103289,125.803,84.4057,-31.0,0.0,0.0,0.0,0.0,0.0
556,60.50943316324822,146.3524615232174,0.101513,130.748,84.5206,-31.0,0.0,0.0,0.0,0.0,0.0
557,60.50943220251035,146.3524600504771,0.16451,148.831,84.6549,-31.0,0.0,0.0,0.0,0.0,0.0
558,60.50943087026104,146.3524586685957,0.175594,151.506,84.7323,-31.0,0.0,0.0,0.0,0.0,0.0
559,60.50942975208209,146.3524571240538,0.102448,134.728,84.811,-31.0,0.0,0.0,0.0,0.0,0.0
560,60.50942933466896,146.3524557146723,0.0824089,113.575,84.875,-31.0,0.0,0.0,0.0,0.0,0.0
561,60.50942906187194,146.3524544400235,0.0854675,117.903,84.9004,-31.0,0.0,0.0,0.0,0.0,0.0
562,60.50942811334014,146.3524527500951,0.178824,149.546,85.0194,-36.0,-6.0,0.0,0.0,0.0,0.0
563,60.50942677634594,146.3524512156285,0.131447,144.193,85.0876,-36.0,-6.0,0.0,0.0,0.0,0.0
564,60.50942621177233,146.3524496514671,0.0824039,90.7161,85.111,-36.0,-6.0,0.0,0.0,0.0,0.0
565,60.50942655337031,146.3524483716634,0.0798831,68.1757,85.1291,-36.0,-6.0,0.0,0.0,0.0,0.0
566,60.5094262328149,146.3524467367206,0.140546,123.845,85.2296,-36.0,-6.0,0.0,0.0,0.0,0.0
567,60.50942534710137,146.352444474856,0.149663,130.395,85.2637,-36.0,-6.0,0.0,0.0,0.0,0.0
568,60.50942479590286,146.352442865027,0.0883674,111.181,85.2537,-36.0,-6.0,0.0,0.0,0.0,0.0
569,60.50942483021738,146.3524415039896,0.0657604,61.294,85.3533,-36.0,-6.0,0.0,0.0,0.0,0.0
570,60.50942497892511,146.3524403840571,0.0655315,99.9558,85.3678,-36.0,-6.0,0.0,0.0,0.0,0.0
571,60.50942443893555,146.3524391206086,0.137426,147.342,85.4037,-36.0,-6.0,0.0,0.0,0.0,0.0
572,60.50942337638877,146.3524378383481,0.105331,143.149,85.4792,-36.0,-6.0,0.0,0.0,0.0,0.0
573,60.50942293356638,146.3524366266675,0.0719906,107.484,85.4787,-36.0,-6.0,0.0,0.0,0.0,0.0
574,60.50942307763236,146.352435399814,0.0715727,61.9598,85.4991,-36.0,-6.0,0.0,0.0,0.0,0.0
575,60.50942276818277,146.3524340444258,0.120029,142.671,85.5589,-36.0,-6.0,0.0,0.0,0.0,0.0
576,60.50942169528661,146.3524327582697,0.129796,150.18,85.5968,-36.0,-6.0,0.0,0.0,0.0,0.0
577,60.5094211043754,146.3524316424082,0.0644359,101.37,85.5781,-36.0,-6.0,0.0,0.0,0.0,0.0
578,60.50942133061744,146.3524305519726,0.0791707,49.749,85.5803,-36.0,-6.0,0.0,0.0,0.0,0.0
579,60.50942161049741,146.3524294665365,0.0689122,85.1415,85.6322,-36.0,-6.0,0.0,0.0,0.0,0.0
580,60.50942127746087,146.3524280504533,0.116297,135.837,85.6563,-36.0,-6.0,0.0,0.0,0.0,0.0
581,60.50942039037201,146.352426461865,0.0940034,126.535,85.6639,-36.0,-6.0,0.0,0.0,0.0,0.0
582,60.50942028268355,146.3524250262381,0.0833709,81.2359,85.6827,-36.0,-6.0,0.0,0.0,0.0,0.0
583,60.50942048334443,146.3524236612637,0.0867466,71.7802,85.6791,-36.0,-6.0,0.0,0.0,0.0,0.0
584,60.50941998313633,146.3524220720282,0.142955,147.455,85.7778,-36.0,-6.0,0.0,0.0,0.0,0.0
585,60.50941881300424,146.352420748584,0.136154,151.044,85.824,-36.0,-6.0,0.0,0.0,0.0,0.0
586,60.50941797639004,146.3524195837744,0.084734,135.821,85.8077,-36.0,-6.0,0.0,0.0,0.0,0.0
587,60.50941782592877,146.352418512918,0.0672527,63.9582,85.8246,-36.0,-6.0,0.0,0.0,0.0,0.0
588,60.50941780969986,146.3524175656588,0.0658929,123.524,85.8843,-36.0,-6.0,0.0,0.0,0.0,0.0
589,60.50941703525065,146.3524164453856,0.136036,153.629,85.9657,-36.0,-6.0,0.0,0.0,0.0,0.0
590,60.50941604845025,146.3524152906353,0.107161,144.782,85.9783,-36.0,-6.0,0.0,0.0,0.0,0.0
591,60.50941575426683,146.3524139703277,0.0612963,80.3266,85.9786,-36.0,-6.0,0.0,0.0,0.0,0.0
592,60.50941589626981,146.3524130826184,0.0730947,64.3978,86.002,-36.0,-6.0,0.0,0.0,0.0,0.0
593,60.50941564781616,146.3524114693782,0.120474,133.152,86.0414,-36.0,-6.0,0.0,0.0,0.0,0.0
594,60.5094147113529,146.3524100166823,0.128313,144.694,86.1242,-36.0,-6.0,0.0,0.0,0.0,0.0
595,60.50941411225846,146.3524088724222,0.0815231,122.619,86.1447,-36.0,-6.0,0.0,0.0,0.0,0.0
596,60.50941381298632,146.3524076222836,0.0733659,103.256,86.1782,-36.0,-6.0,0.0,0.0,0.0,0.0
597,60.50941366561953,146.3524059360678,0.0884921,111.389,86.2926,-36.0,-6.0,0.0,0.0,0.0,0.0
598,60.50941290918718,146.3524044888989,0.150968,148.768,86.3445,-36.0,-6.0,0.0,0.0,0.0,0.0
599,60.50941177845832,146.3524031415003,0.118927,143.097,86.3632,-36.0,-6.0,0.0,0.0,0.0,0.0
600,60.50941137610507,146.3524016185119,0.0837095,79.8423,86.3819,-36.0,-6.0,0.0,0.0,0.0,0.0
601,60.50941169985813,146.3524003570897,0.0910272,74.9155,86.407,-36.0,-6.0,0.0,0.0,0.0,0.0
602,60.50941125947696,146.3523984543142,0.12777,133.04,86.5148,-36.0,-6.0,0.0,0.0,0.0,0.0
603,60.50941046604817,146.3523968634776,0.139395,138.695,86.4887,-36.0,-6.0,0.0,0.0,0.0,0.0
604,60.50940968073385,146.3523952420105,0.0886498,126.337,86.4931,-45.0,-16.0,0.0,0.0,0.0,0.0
605,60.50940965914114,146.3523936983282,0.124245,58.3303,86.461,-45.0,-16.0,0.0,0.0,0.0,0.0
606,60.50941037011879,146.352391413259,0.135923,68.3598,86.4178,-45.0,-16.0,0.0,0.0,0.0,0.0
607,60.50941014270772,146.3523890560149,0.158621,121.006,86.5111,-45.0,-16.0,0.0,0.0,0.0,0.0
608,60.50940941385075,146.3523863981704,0.152772,109.29,86.504,-45.0,-16.0,0.0,0.0,0.0,0.0
609,60.50940944768392,146.3523839439668,0.146338,64.2766,86.4467,-45.0,-16.0,0.0,0.0,0.0,0.0
610,60.50941043132105,146.3523817262165,0.15038,50.0939,86.4454,-45.0,-16.0,0.0,0.0,0.0,0.0
611,60.50941067901827,146.3523795236749,0.129892,96.3736,86.5155,-45.0,-16.0,0.0,0.0,0.0,0.0
612,60.50941038627894,146.3523768239615,0.139786,100.758,86.5681,-45.0,-16.0,0.0,0.0,0.0,0.0
613,60.50941035168935,146.3523746805163,0.132994,82.4347,86.6117,-45.0,-16.0,0.0,0.0,0.0,0.0
614,60.50941080190415,146.3523720235083,0.145918,54.9638,86.7663,-45.0,-16.0,0.0,0.0,0.0,0.0
615,60.50941176161051,146.3523697795894,0.160473,52.7378,86.8089,-45.0,-16.0,0.0,0.0,0.0,0.0
616,60.50941194294798,146.352367486291,0.142189,117.307,86.852,-45.0,-16.0,0.0,0.0,0.0,0.0
617,60.50941108969227,146.3523653931583,0.130658,120.473,86.9589,-45.0,-16.0,0.0,0.0,0.0,0.0
618,60.50941098097231,146.3523630587186,0.133771,69.0997,86.9946,-45.0,-16.0,0.0,0.0,0.0,0.0
619,60.50941155228504,146.3523610677173,0.116398,70.7099,87.0835,-45.0,-16.0,0.0,0.0,0.0,0.0
620,60.50941128753372,146.3523592796194,0.129592,117.108,87.2665,-45.0,-16.0,0.0,0.0,0.0,0.0
621,60.50941078134294,146.3523570700159,0.130792,114.008,87.3146,-45.0,-16.0,0.0,0.0,0.0,0.0
622,60.50941046315997,146.3523548553562,0.122262,91.4482,87.3577,-45.0,-16.0,0.0,0.0,0.0,0.0
623,60.50941082831051,146.352352846583,0.125686,51.8779,87.4472,-45.0,-16.0,0.0,0.0,0.0,0.0
624,60.50941178643524,146.3523508916877,0.135847,49.3045,87.5177,-45.0,-16.0,0.0,0.0,0.0,0.0
625,60.50941206782809,146.3523487236649,0.105093,104.763,87.5971,-45.0,-16.0,0.0,0.0,0.0,0.0
626,60.50941172468286,146.3523471973219,0.0967781,114.747,87.6516,-45.0,-16.0,0.0,0.0,0.0,0.0
627,60.50941171588074,146.3523455060618,0.102754,61.8937,87.7364,-45.0,-16.0,0.0,0.0,0.0,0.0
628,60.50941236201151,146.3523439371618,0.133197,50.6482,87.8384,-45.0,-16.0,0.0,0.0,0.0,0.0
629,60.50941253317152,146.3523419963743,0.120381,117.15,87.9846,-45.0,-16.0,0.0,0.0,0.0,0.0
630,60.50941194074745,146.3523400240248,0.119917,113.629,88.0809,-45.0,-16.0,0.0,0.0,0.0,0.0
631,60.50941180362689,146.3523379284959,0.119784,85.891,88.0972,-45.0,-16.0,0.0,0.0,0.0,0.0
632,60.50941206466482,146.3523357749568,0.113991,68.0704,88.201,-45.0,-16.0,0.0,0.0,0.0,0.0
633,60.50941273335103,146.35233375386,0.126414,53.5036,88.3008,-45.0,-16.0,0.0,0.0,0.0,0.0
634,60.50941293463081,146.3523319812448,0.116742,109.767,88.3198,-45.0,-16.0,0.0,0.0,0.0,0.0
635,60.50941232824712,146.3523300846352,0.114126,119.959,88.3523,-45.0,-16.0,0.0,0.0,0.0,0.0
636,60.50941230349115,146.3523280993431,0.10653,66.2437,88.3718,-45.0,-16.0,0.0,0.0,0.0,0.0
637,60.50941279118373,146.3523264469474,0.12179,60.2551,88.4017,-45.0,-16.0,0.0,1.0,0.0,0.0
638,60.50941307223273,146.3523243797207,0.123871,93.8141,88.4978,-45.0,-16.0,0.0,1.0,0.0,0.0
639,60.50941268432046,146.3523217507546,0.140548,106.753,88.5463,-45.0,-16.0,0.0,1.0,0.0,0.0
640,60.50941255435163,146.3523192175118,0.150143,85.541,88.5526,-45.0,-16.0,0.0,1.0,0.0,0.0
641,60.50941297169599,146.3523162976605,0.185033,65.908,88.5866,-45.0,-16.0,0.0,1.0,0.0,0.0
642,60.5094136905818,146.3523130330253,0.177129,74.0241,88.608,-45.0,-16.0,0.0,1.0,0.0,0.0
643,60.50941382199473,146.3523100191279,0.190115,94.5574,88.6128,-45.0,-16.0,0.0,1.0,0.0,0.0
644,60.50941366830143,146.3523067931247,0.206268,92.9576,88.5781,-45.0,-16.0,0.0,1.0,0.0,0.0
645,60.50941393992942,146.3523026609673,0.216002,70.2114,88.5027,-45.0,-16.0,0.0,1.0,0.0,0.0
646,60.50941496613307,146.3522983481994,0.24866,68.9625,88.4703,-45.0,-16.0,0.0,1.0,0.0,0.0
647,60.50941529215542,146.3522944554898,0.23627,91.3322,88.4993,-45.0,-16.0,0.0,1.0,0.0,0.0
648,60.50941508970661,146.3522900516845,0.24671,94.8696,88.5154,-45.0,-16.0,0.0,1.0,0.0,0.0
649,60.50941492287889,146.3522855058649,0.243076,90.3237,88.487,-45.0,-16.0,0.0,1.0,0.0,0.0
650,60.50941519643234,146.3522811971739,0.246576,72.2462,88.443,-45.0,-16.0,0.0,1.0,0.0,0.0
651,60.50941617738758,146.3522765007216,0.249401,72.2884,88.423,-45.0,-16.0,0.0,1.0,0.0,0.0
652,60.50941622538665,146.3522725997246,0.236232,103.875,88.4327,-45.0,-16.0,0.0,1.0,0.0,0.0
653,60.50941558895197,146.3522682483701,0.211168,98.6966,88.4004,-45.0,-16.0,0.0,1.0,0.0,0.0
654,60.50941572944209,146.3522649075783,0.201286,71.5032,88.354,-45.0,-16.0,0.0,1.0,0.0,0.0
655,60.50941653236066,146.3522614056882,0.178765,68.362,88.3278,-45.0,-16.0,0.0,1.0,0.0,0.0
656,60.50941688451431,146.3522583460729,0.174696,82.0928,88.3029,-45.0,-16.0,0.0,1.0,0.0,0.0
657,60.50941685274415,146.3522548672144,0.164136,99.1471,88.2487,-45.0,-16.0,0.0,1.0,0.0,0.0
658,60.50941678115814,146.3522523428678,0.148919,84.8414,88.2063,-45.0,-16.0,0.0,1.0,0.0,0.0
659,60.50941732572068,146.3522494469309,0.165058,59.9151,88.1668,-45.0,-16.0,0.0,1.0,0.0,0.0
660,60.50941809143653,146.3522471061562,0.15893,60.7771,88.1326,-45.0,-16.0,0.0,1.0,0.0,0.0
661,60.50941822862585,146.3522444898734,0.153957,109.001,88.1157,-45.0,-16.0,0.0,1.0,0.0,0.0
662,60.50941753353327,146.3522417256581,0.141556,112.834,88.0959,-45.0,-16.0,0.0,1.0,0.0,0.0
663,60.50941764232201,146.3522393995196,0.147513,59.9739,88.0212,-45.0,-16.0,0.0,1.0,0.0,0.0
664,60.50941840879429,146.3522373477684,0.143975,56.0826,88.006,-45.0,-16.0,0.0,1.0,0.0,0.0
665,60.50941838108135,146.3522350411535,0.12585,111.947,88.0459,-45.0,-16.0,0.0,1.0,0.0,0.0
666,60.50941807747691,146.3522329417664,0.131371,100.693,88.0012,-45.0,-16.0,0.0,1.0,0.0,0.0
667,60.50941806888109,146.3522304652968,0.11977,80.4297,87.8982,-45.0,-16.0,0.0,1.0,0.0,0.0
668,60.50941832764973,146.352228487176,0.138541,61.9108,87.869,-45.0,-16.0,0.0,1.0,0.0,0.0
669,60.50941920944356,146.3522259330856,0.161945,57.9946,87.8269,-45.0,-16.0,0.0,1.0,0.0,0.0
670,60.50941928419283,146.3522235874641,0.148381,114.905,87.7909,-45.0,-16.0,0.0,1.0,0.0,0.0
671,60.50941865002744,146.352220928486,0.119945,100.055,87.7551,-45.0,-16.0,0.0,1.0,0.0,0.0
672,60.50941885845894,146.3522189197484,0.138648,63.0542,87.6535,-45.0,-16.0,0.0,1.0,0.0,0.0
673,60.50941961991127,146.3522165962374,0.145844,58.9668,87.6045,-45.0,-16.0,0.0,1.0,0.0,0.0
674,60.50941973523282,146.3522142116242,0.11956,109.632,87.6532,-45.0,-16.0,0.0,1.0,0.0,0.0
675,60.50941941381783,146.3522122447803,0.131575,106.212,87.6475,-45.0,-16.0,0.0,1.0,0.0,0.0
676,60.50941925764893,146.3522098451963,0.134142,83.2388,87.5603,-45.0,-16.0,0.0,1.0,0.0,0.0
677,60.50941953519084,146.3522075284841,0.128746,73.7398,87.5471,-45.0,-16.0,0.0,1.0,0.0,0.0
678,60.50942008291664,146.3522052712936,0.150613,58.9914,87.5237,-45.0,-16.0,0.0,1.0,0.0,0.0
679,60.50942044517898,146.3522025057108,0.145316,103.248,87.4441,-45.0,-16.0,0.0,1.0,0.0,0.0
680,60.50941983418792,146.3522000627992,0.13605,111.775,87.4317,-45.0,-16.0,0.0,1.0,0.0,0.0
681,60.50941992447844,146.3521978563954,0.137006,61.8937,87.3505,-45.0,-16.0,0.0,1.0,0.0,0.0
682,60.50942065759894,146.3521958052079,0.153268,53.7462,87.2758,-45.0,-16.0,0.0,1.0,0.0,0.0
683,60.50942075792938,146.3521933832867,0.128863,115.063,87.3061,-45.0,-16.0,0.0,1.0,0.0,0.0
684,60.50942030805842,146.3521912828213,0.118742,103.715,87.2914,-45.0,-16.0,0.0,1.0,0.0,0.0
685,60.50942019026127,146.3521892697069,0.122281,91.7698,87.1948,-45.0,-16.0,0.0,1.0,0.0,0.0
686,60.50942052281644,146.3521868694483,0.132727,61.5788,87.1093,-45.0,-16.0,0.0,1.0,0.0,0.0
687,60.50942138012938,146.3521845052607,0.133549,59.7436,87.0617,-45.0,-16.0,0.0,1.0,0.0,0.0
688,60.50942163167752,146.3521825700212,0.127718,90.308,86.9914,-45.0,-16.0,0.0,1.0,0.0,0.0
689,60.50942144710803,146.3521802127674,0.127849,92.6165,86.9131,-45.0,-16.0,0.0,1.0,0.0,0.0
690,60.50942179073461,146.3521779884819,0.145092,53.5639,86.8316,-45.0,-16.0,0.0,1.0,0.0,0.0
691,60.50942270086028,146.3521758063829,0.161568,53.0327,86.7402,-45.0,-16.0,0.0,1.0,0.0,0.0
692,60.50942313450233,146.3521735826324,0.138856,92.6926,86.731,-45.0,-16.0,0.0,1.0,0.0,0.0
693,60.50942269130173,146.3521708573394,0.139064,104.585,86.7739,-45.0,-16.0,0.0,1.0,0.0,0.0
694,60.50942263573833,146.352168409282,0.135009,80.6335,86.6678,-45.0,-16.0,0.0,1.0,0.0,0.0
695,60.50942301581122,146.3521660307301,0.132738,68.6114,86.573,-45.0,-16.0,0.0,1.0,0.0,0.0
696,60.50942360503764,146.3521634794928,0.135361,68.9677,86.515,-45.0,-16.0,0.0,1.0,0.0,0.0
697,60.50942376392282,146.3521614913713,0.120406,97.125,86.4624,-45.0,-16.0,0.0,1.0,0.0,0.0
698,60.50942350725156,146.3521608905534,0.0185902,184.236,86.3414,-45.0,-16.0,0.0,1.0,0.0,0.0
699,60.50942373342484,146.3521611862052,0.0769418,345.53,86.2545,-45.0,-16.0,0.0,1.0,0.0,0.0
700,60.50942446369152,146.352161305759,0.0725582,3.25502,86.1672,-45.0,-16.0,0.0,1.0,0.0,0.0
701,60.50942477926135,146.3521609682097,0.0342377,74.2914,86.113,-45.0,-16.0,0.0,1.0,0.0,0.0
702,60.50942460758559,146.3521609437483,0.0217136,214.695,86.0766,-45.0,-16.0,0.0,1.0,0.0,0.0
703,60.50942457309915,146.3521611303134,0.0139891,330.604,86.006,-45.0,-16.0,0.0,0.0,0.0,0.0
704,60.50942488217054,146.3521611491728,0.054434,1.44564,85.9238,-45.0,-16.0,0.0,0.0,0.0,0.0
705,60.50942546115074,146.3521610376555,0.0511035,7.72183,85.8927,-45.0,-16.0,0.0,0.0,0.0,0.0
706,60.5094254801647,146.3521609752797,0.0436236,178.196,85.8648,-45.0,-16.0,0.0,0.0,0.0,0.0
707,60.50942490617007,146.352160997694,0.0547522,190.112,85.7997,-45.0,-16.0,0.0,0.0,0.0,0.0
708,60.50942490654829,146.3521611842507,0.0567431,354.445,85.7392,-45.0,-16.0,0.0,0.0,0.0,0.0
709,60.50942571627475,146.3521611417315,0.0675046,9.36651,85.6987,-45.0,-16.0,0.0,0.0,0.0,0.0
710,60.50942591280963,146.3521609367499,0.0254343,130.895,85.6841,-45.0,-16.0,0.0,0.0,0.0,0.0
711,60.50942566858512,146.3521609535156,0.0276796,203.385,85.6589,-45.0,-16.0,0.0,0.0,0.0,0.0
712,60.50942564138794,146.3521611612406,0.0222929,330.474,85.5871,-45.0,-16.0,0.0,0.0,0.0,0.0
713,60.50942599144421,146.3521612647367,0.0561501,358.599,85.5177,-45.0,-16.0,0.0,0.0,0.0,0.0
714,60.50942652699833,146.3521611877569,0.0586228,13.5479,85.475,-45.0,-16.0,0.0,0.0,0.0,0.0
715,60.50942654511832,146.3521611326208,0.0551888,187.147,85.5182,-45.0,-16.0,0.0,0.0,0.0,0.0
716,60.50942577747701,146.352161472507,0.0617218,200.854,85.534,-45.0,-16.0,0.0,0.0,0.0,0.0
717,60.50942567735287,146.3521617860581,0.0349148,336.838,85.4886,-45.0,-16.0,0.0,0.0,0.0,0.0
718,60.50942618368119,146.3521621033606,0.0532416,337.238,85.4916,-45.0,-16.0,0.0,0.0,0.0,0.0
719,60.50942612839285,146.3521625795116,0.0552067,216.656,85.5549,-45.0,-16.0,0.0,0.0,0.0,0.0
720,60.50942565833891,146.3521632367508,0.0414099,229.708,85.5383,-45.0,-16.0,0.0,0.0,0.0,0.0
721,60.50942562048291,146.3521637067718,0.037719,294.466,85.5141,-45.0,-16.0,0.0,0.0,0.0,0.0
722,60.50942598759328,146.3521646105091,0.0644956,317.049,85.506,-45.0,-16.0,0.0,0.0,0.0,0.0
723,60.50942654202382,146.3521653103808,0.0821656,332.096,85.4796,-45.0,-16.0,0.0,0.0,0.0,0.0
724,60.50942673505161,146.3521659947471,0.0451522,232.259,85.4747,-45.0,-16.0,0.0,0.0,0.0,0.0
725,60.50942615063885,146.3521668257623,0.0778071,219.449,85.4976,-45.0,-16.0,0.0,0.0,0.0,0.0
726,60.50942600261878,146.3521676856302,0.059822,293.328,85.4714,-45.0,-16.0,0.0,0.0,0.0,0.0
727,60.50942650822505,146.3521686968131,0.0617561,318.155,85.4781,-45.0,-16.0,0.0,0.0,0.0,0.0
728,60.5094263391968,146.3521693968597,0.0886984,213.875,85.5463,-45.0,-16.0,0.0,0.0,0.0,0.0
729,60.50942553039869,146.3521704178272,0.0866507,213.69,85.6037,-45.0,-16.0,0.0,0.0,0.0,0.0
730,60.50942513475018,146.3521711635932,0.0403696,246.705,85.5767,-45.0,-16.0,0.0,0.0,0.0,0.0
731,60.50942518663456,146.3521718156943,0.054447,298.019,85.5828,-45.0,-16.0,0.0,0.0,0.0,0.0
732,60.50942569853297,146.3521728341152,0.0693758,319.214,85.5951,-45.0,-16.0,0.0,0.0,0.0,0.0
733,60.50942577204445,146.3521735652888,0.0461894,228.013,85.604,-45.0,-16.0,0.0,0.0,0.0,0.0
734,60.509425308764,146.3521741183885,0.0720822,213.539,85.644,-45.0,-16.0,0.0,0.0,0.0,0.0
735,60.50942519017604,146.352175052315,0.0534879,299.197,85.6333,-45.0,-16.0,0.0,0.0,0.0,0.0
736,60.5094255626846,146.352175624147,0.0740249,334.742,85.626,-45.0,-16.0,0.0,0.0,0.0,0.0
737,60.50942567002922,146.3521761726539,0.0768355,199.852,85.681,-45.0,-16.0,0.0,0.0,0.0,0.0
738,60.50942485934003,146.3521767018914,0.0765109,201.038,85.7639,-45.0,-16.0,0.0,0.0,0.0,0.0
739,60.50942455618257,146.352177271659,0.0350227,289.767,85.7357,-45.0,-16.0,0.0,0.0,0.0,0.0
740,60.5094248565206,146.352177874694,0.0412731,315.674,85.7009,-45.0,-16.0,0.0,0.0,0.0,0.0
741,60.50942507939308,146.3521783223766,0.0311063,307.376,85.746,-49.0,-16.0,0.0,0.0,0.0,0.0
742,60.50942506615552,146.3521787277928,0.0401849,199.983,85.7675,-51.0,-16.0,0.0,0.0,0.0,0.0
743,60.50942459235379,146.352178840955,0.0607364,183.889,85.759,-51.0,-16.0,0.0,0.0,0.0,0.0
744,60.50942443508463,146.3521790737713,0.037182,331.305,85.7555,-51.0,-16.0,0.0,0.0,0.0,0.0
745,60.50942499374431,146.352179300846,0.0635363,352.549,85.7943,-52.0,-16.0,0.0,0.0,0.0,0.0
746,60.5094250019963,146.3521794406224,0.053833,191.776,85.8682,-52.0,-16.0,0.0,0.0,0.0,0.0
747,60.50942438856404,146.3521796267704,0.0606439,187.809,85.9557,-52.0,-16.0,0.0,0.0,0.0,0.0
748,60.50942405587133,146.3521797471381,0.0205772,199.493,85.9664,-52.0,-16.0,0.0,0.0,0.0,0.0
749,60.50942418243621,146.3521799225266,0.0505329,349.034,85.9879,-52.0,-16.0,0.0,0.0,0.0,0.0
750,60.50942459049709,146.3521800187694,0.0298118,352.056,86.0627,-52.0,-16.0,0.0,0.0,0.0,0.0
751,60.50942458399865,146.3521801128847,0.0396775,181.983,86.1362,-52.0,-16.0,0.0,0.0,0.0,0.0
752,60.50942407096559,146.3521800461822,0.0415098,168.551,86.1525,-52.0,-16.0,0.0,0.0,0.0,0.0
753,60.50942413209908,146.3521799592932,0.0460052,0.0,86.1801,-52.0,-16.0,0.0,0.0,0.0,0.0
754,60.50942477743904,146.3521798666944,0.0780272,6.06179,86.2241,-52.0,-16.0,0.0,0.0,0.0,0.0
755,60.50942510318632,146.3521797134721,0.016925,139.525,86.2696,-52.0,-16.0,0.0,0.0,0.0,0.0
756,60.50942451461317,146.3521795047819,0.0593899,169.34,86.3584,-52.0,-16.0,0.0,0.0,0.0,0.0
757,60.50942434572246,146.3521793500084,0.0260767,9.09027,86.3989,-52.0,-16.0,0.0,0.0,0.0,0.0
758,60.50942470348058,146.3521793064849,0.0427709,5.52754,86.4116,-52.0,-16.0,0.0,0.0,0.0,0.0
759,60.50942505130193,146.3521791543711,0.0336566,24.0812,86.4366,-52.0,-16.0,0.0,0.0,0.0,0.0
760,60.50942485497335,146.3521787584725,0.069437,159.146,86.5327,-52.0,-16.0,0.0,0.0,0.0,0.0
761,60.50942407976771,146.3521783705101,0.0848127,167.849,86.5766,-52.0,-16.0,0.0,0.0,0.0,0.0
762,60.50942384946844,146.3521781010328,0.0324108,36.3843,86.5898,-52.0,-16.0,0.0,0.0,0.0,0.0
763,60.50942448992597,146.3521776876688,0.0622658,17.9854,86.6291,-52.0,-16.0,0.0,0.0,0.0,0.0
764,60.50942446028758,146.3521773713647,0.053744,162.144,86.6942,-52.0,-16.0,0.0,0.0,0.0,0.0
765,60.50942390073393,146.3521768920209,0.0434327,140.774,86.7505,-52.0,-16.0,0.0,0.0,0.0,0.0
766,60.50942382378413,146.3521765217103,0.019785,38.6598,86.767,-52.0,-16.0,0.0,0.0,0.0,0.0
767,60.50942421255598,146.3521763255926,0.0630502,8.76988,86.7841,-52.0,-16.0,0.0,0.0,0.0,0.0
768,60.50942466507445,146.3521760559505,0.0372074,41.6335,86.7971,-52.0,-16.0,0.0,0.0,0.0,0.0
769,60.50942466204872,146.3521757006579,0.0360836,152.825,86.8408,-52.0,-16.0,0.0,0.0,0.0,0.0
770,60.50942411727989,146.3521753399273,0.0665429,159.461,86.8922,-52.0,-16.0,0.0,0.0,0.0,0.0
771,60.50942380917123,146.3521750025288,0.0141982,75.2917,86.8757,-52.0,-16.0,0.0,0.0,0.0,0.0
772,60.50942426980416,146.3521747345554,0.0756129,14.7303,86.8826,-52.0,-16.0,0.0,0.0,0.0,0.0
773,60.50942439715985,146.3521742862314,0.0672389,157.166,86.9439,-52.0,-16.0,0.0,0.0,0.0,0.0
774,60.50942353324533,146.3521738793563,0.0738264,161.565,86.9865,-52.0,-16.0,0.0,0.0,0.0,0.0
775,60.50942327351397,146.3521734055091,0.032963,89.1048,86.9692,-52.0,-16.0,0.0,0.0,0.0,0.0
776,60.5094235331078,146.3521727700394,0.053329,34.5085,86.9896,-52.0,-16.0,0.0,0.0,0.0,0.0
777,60.50942392438963,146.3521722286517,0.0392084,44.4678,86.9922,-52.0,-16.0,0.0,0.0,0.0,0.0
778,60.50942397905906,146.3521717586267,0.043682,131.016,86.9907,-52.0,-16.0,0.0,0.0,0.0,0.0
779,60.50942322503353,146.3521712464737,0.100451,167.365,87.058,-52.0,-16.0,0.0,0.0,0.0,0.0
780,60.50942269804085,146.3521707598827,0.0329608,90.5968,87.0584,-52.0,-16.0,0.0,0.0,0.0,0.0
781,60.50942308650325,146.3521700815017,0.0631798,35.9358,87.0716,-52.0,-16.0,0.0,0.0,0.0,0.0
782,60.50942290523455,146.3521694299889,0.0911359,159.722,87.1391,-52.0,-16.0,0.0,0.0,0.0,0.0
783,60.50942209832752,146.3521689373398,0.0841421,161.935,87.2163,-52.0,-16.0,0.0,0.0,0.0,0.0
784,60.50942159997613,146.3521684312509,0.030492,125.838,87.1756,-52.0,-16.0,0.0,0.0,0.0,0.0
785,60.50942188968973,146.3521680124026,0.063651,20.1943,87.1652,-52.0,-16.0,0.0,0.0,0.0,0.0
786,60.50942229073641,146.3521675133358,0.0305094,70.9534,87.2278,-52.0,-16.0,0.0,0.0,0.0,0.0
787,60.50942216179907,146.352166961493,0.0464692,145.84,87.2236,-52.0,-16.0,0.0,0.0,0.0,0.0
788,60.50942167053064,146.3521664648695,0.0663635,151.579,87.2311,-52.0,-16.0,0.0,0.0,0.0,0.0
789,60.50942137854774,146.3521659988265,0.034394,26.0535,87.2151,-52.0,-16.0,0.0,0.0,0.0,0.0
790,60.50942178653985,146.3521657525843,0.0662826,14.3961,87.1755,-52.0,-16.0,0.0,0.0,0.0,0.0
791,60.50942184650431,146.3521652959232,0.0828205,157.581,87.2288,-52.0,-16.0,0.0,0.0,0.0,0.0
792,60.50942077745908,146.3521648868706,0.0921232,169.695,87.3717,-52.0,-16.0,0.0,0.0,0.0,0.0
793,60.50942034182281,146.3521645372515,0.0291966,131.186,87.359,-52.0,-16.0,0.0,0.0,0.0,0.0
794,60.5094202953366,146.3521640750474,0.0290428,83.211,87.3577,-52.0,-16.0,0.0,0.0,0.0,0.0
795,60.50942046821578,146.3521635047544,0.0416327,49.3475,87.4052,-52.0,-16.0,0.0,0.0,0.0,0.0
796,60.50942054681598,146.3521630748194,0.0376358,136.109,87.4316,-52.0,-16.0,0.0,0.0,0.0,0.0
797,60.50942005430974,146.3521624807412,0.0688574,147.419,87.4401,-52.0,-16.0,0.0,0.0,0.0,0.0
798,60.50941983205616,146.3521617167475,0.0472939,64.179,87.4291,-52.0,-16.0,0.0,0.0,0.0,0.0
799,60.50942039525444,146.3521613641024,0.0718849,6.58194,87.4466,-52.0,-16.0,0.0,0.0,0.0,0.0
800,60.50942065539841,146.3521613434347,0.0291319,188.13,87.4505,-52.0,-16.0,0.0,0.0,0.0,0.0
801,60.50942000067181,146.3521615969762,0.0882787,188.949,87.5702,-52.0,-16.0,0.0,0.0,0.0,0.0
802,60.50941953677248,146.3521617680524,0.0207817,187.595,87.599,-52.0,-16.0,0.0,0.0,0.0,0.0
803,60.5094196930789,146.3521617669008,0.0487712,1.61354,87.5849,-52.0,-16.0,0.0,0.0,0.0,0.0
804,60.5094199311488,146.3521615218134,0.0239146,140.826,87.6638,-52.0,-16.0,0.0,0.0,0.0,0.0
805,60.50941968833401,146.352161439453,0.0432655,187.294,87.709,-52.0,-16.0,0.0,0.0,0.0,0.0
806,60.50941911592101,146.3521616261483,0.0523879,190.574,87.6905,-52.0,-16.0,0.0,0.0,0.0,0.0
807,60.50941893300192,146.3521616852225,0.0277731,8.53076,87.688,-52.0,-16.0,0.0,0.0,0.0,0.0
808,60.50941955011319,146.3521615146661,0.0604872,2.60256,87.6941,-52.0,-16.0,0.0,0.0,0.0,0.0
809,60.50941940357161,146.3521615497853,0.0881584,184.467,87.7297,-52.0,-16.0,0.0,0.0,0.0,0.0
810,60.50941854529594,146.3521616624839,0.0748168,185.266,87.8141,-52.0,-16.0,0.0,0.0,0.0,0.0
811,60.50941812925814,146.3521616843031,0.0143376,163.301,87.7984,-52.0,-16.0,0.0,0.0,0.0,0.0
812,60.50941820201319,146.3521616235849,0.0353889,357.776,87.7817,-52.0,-16.0,0.0,0.0,0.0,0.0
813,60.5094186067045,146.3521616646966,0.0244146,3.22452,87.8167,-52.0,-16.0,0.0,0.0,0.0,0.0
814,60.50941835433116,146.3521616112966,0.0673053,178.831,87.9357,-52.0,-16.0,0.0,0.0,0.0,0.0
815,60.50941772559833,146.3521616259277,0.0659752,182.386,87.9761,-52.0,-16.0,0.0,0.0,0.0,0.0
816,60.50941753477108,146.3521617835726,0.0370295,342.741,87.9703,-52.0,-16.0,0.0,0.0,0.0,0.0
817,60.5094180861415,146.3521617450141,0.0506445,12.5288,88.0604,-52.0,-16.0,0.0,0.0,0.0,0.0
818,60.50941810408958,146.352161621938,0.035732,182.203,88.1177,-52.0,-16.0,0.0,0.0,0.0,0.0
819,60.50941763097552,146.35216178522,0.0476712,191.634,88.2114,-52.0,-16.0,0.0,0.0,0.0,0.0
820,60.50941747253732,146.3521618576535,0.0120945,6.5198,88.2585,-52.0,-16.0,0.0,0.0,0.0,0.0
821,60.50941778212446,146.3521618191535,0.0443737,3.54868,88.2793,-53.0,-16.0,0.0,0.0,0.0,0.0
822,60.50941827449316,146.35216175722,0.044632,0.0,88.3718,-61.0,-22.0,0.0,0.0,0.0,0.0
823,60.50941841656491,146.3521618162156,0.0186788,197.103,88.4591,-61.0,-22.0,0.0,0.0,0.0,0.0
824,60.50941802487048,146.3521618775678,0.0388198,182.027,88.5456,-61.0,-22.0,0.0,0.0,0.0,0.0
825,60.50941801173606,146.3521619494092,0.0390136,353.938,88.6167,-61.0,-22.0,0.0,0.0,0.0,0.0
826,60.50941883803527,146.3521619352872,0.115487,2.72631,88.6886,-61.0,-22.0,0.0,0.0,0.0,0.0
827,60.50941899523567,146.3521617949139,0.0821575,182.874,88.9229,-61.0,-22.0,0.0,0.0,0.0,0.0
828,60.5094183727606,146.3521620083518,0.0368493,206.565,89.0786,-61.0,-22.0,0.0,0.0,0.0,0.0
829,60.50941854488335,146.3521622683759,0.0759667,347.471,89.0209,-61.0,-22.0,0.0,0.0,0.0,0.0
830,60.50941963366459,146.3521625549088,0.16379,356.154,88.8672,-61.0,-22.0,0.0,0.0,0.0,0.0
831,60.50942118895829,146.3521624392572,0.121957,12.3539,88.7732,-61.0,-22.0,0.0,0.0,0.0,0.0
832,60.50942181198349,146.3521619507175,0.036697,349.216,88.7023,-61.0,-22.0,0.0,0.0,0.0,0.0
833,60.50942203286174,146.352162009694,0.0374222,0.0,88.5989,-61.0,-22.0,0.0,0.0,0.0,0.0
834,60.50942298761692,146.3521619582296,0.151118,1.56222,88.3978,-61.0,-22.0,0.0,0.0,0.0,0.0
835,60.50942454359829,146.3521618097215,0.172246,5.94923,88.2372,-61.0,-22.0,0.0,0.0,0.0,0.0
836,60.50942524587697,146.3521618507612,0.0222929,209.526,88.1779,-61.0,-22.0,0.0,0.0,0.0,0.0
837,60.50942508826397,146.3521619972604,0.0156814,354.976,88.155,-61.0,-22.0,0.0,0.0,0.0,0.0
838,60.50942570578785,146.3521618667997,0.123114,4.47836,88.0338,-61.0,-22.0,0.0,0.0,0.0,0.0
839,60.50942709236275,146.3521617439493,0.131901,5.3767,87.9106,-61.0,-22.0,0.0,0.0,0.0,0.0
840,60.50942811880709,146.3521613845095,0.123188,5.75826,87.8156,-61.0,-22.0,0.0,0.0,0.0,0.0
841,60.50942899372426,146.3521614399865,0.0639761,347.605,87.6889,-61.0,-22.0,0.0,0.0,0.0,0.0
842,60.5094293786108,146.3521616459412,0.0470753,349.919,87.5797,-61.0,-22.0,0.0,0.0,0.0,0.0
843,60.50943026040464,146.352161865698,0.158934,353.55,87.4715,-61.0,-22.0,0.0,0.0,0.0,0.0
844,60.5094320476824,146.352162201068,0.192844,357.143,87.3326,-61.0,-22.0,0.0,0.0,0.0,0.0
845,60.50943282587938,146.3521622342929,0.0115013,0.0,87.2161,-61.0,-22.0,0.0,0.0,0.0,0.0
846,60.50943285118548,146.3521621229096,0.0301499,30.0686,87.1567,-61.0,-22.0,0.0,0.0,0.0,0.0
847,60.5094333459954,146.3521617964546,0.10174,10.8928,87.0143,-61.0,-22.0,0.0,0.0,0.0,0.0
848,60.50943486026984,146.3521615115195,0.194099,2.02732,86.8179,-61.0,-22.0,0.0,0.0,0.0,0.0
849,60.50943643062342,146.3521611552893,0.104781,17.5444,86.6632,-61.0,-22.0,0.0,0.0,0.0,0.0
850,60.50943714741186,146.3521609034033,0.0638396,341.175,86.5817,-61.0,-22.0,0.0,0.0,0.0,0.0
851,60.50943761760334,146.3521612914393,0.081674,348.359,86.5036,-61.0,-22.0,0.0,0.0,0.0,0.0
852,60.50943888933806,146.3521614765748,0.177631,357.785,86.3676,-61.0,-22.0,0.0,0.0,0.0,0.0
853,60.50944054857244,146.3521614917662,0.165932,3.32121,86.2215,-61.0,-22.0,0.0,0.0,0.0,0.0
854,60.5094414406125,146.3521611401552,0.031935,43.4754,86.1483,-61.0,-22.0,0.0,0.0,0.0,0.0
855,60.50944137954778,146.3521610549663,0.00920111,36.6561,86.1133,-61.0,-20.0,0.0,0.0,0.0,0.0
856,60.50944182254208,146.3521609813502,0.0980571,1.60507,86.0181,-56.0,-20.0,0.0,0.0,0.0,0.0
857,60.50944325147719,146.3521609520464,0.136361,1.73134,85.8315,-54.0,-20.0,0.0,0.0,0.0,0.0
858,60.5094441304516,146.3521608510373,0.0731076,5.38931,85.7428,-54.0,-20.0,0.0,0.0,0.0,0.0
859,60.50944440954076,146.3521608270237,0.00783649,298.811,85.677,-54.0,-17.0,0.0,0.0,0.0,0.0
860,60.50944451942975,146.3521610113265,0.0407127,352.246,85.5769,-54.0,-17.0,0.0,0.0,0.0,0.0
861,60.50944537505791,146.3521612160537,0.145469,355.669,85.4497,-54.0,-17.0,0.0,0.0,0.0,0.0
862,60.50944675705983,146.3521613905817,0.146245,357.309,85.2989,-54.0,-17.0,0.0,0.0,0.0,0.0
863,60.50944744176866,146.3521615513562,0.0101976,306.098,85.2185,-54.0,-17.0,0.0,0.0,0.0,0.0
864,60.5094474752236,146.3521616593841,0.0277731,351.469,85.1906,-54.0,-17.0,0.0,0.0,0.0,0.0
865,60.50944804378567,146.3521616753963,0.107469,0.732174,85.0772,-54.0,-17.0,0.0,0.0,0.0,0.0
866,60.50944948740245,146.3521617040052,0.133837,357.648,84.9315,-52.0,-17.0,0.0,0.0,0.0,0.0
867,60.50945029296853,146.3521616770798,0.0568925,6.93203,84.826,-52.0,-17.0,0.0,0.0,0.0,0.0
868,60.5094504749249,146.35216151888,0.0163105,149.657,84.7466,-49.0,-17.0,0.0,0.0,0.0,0.0
869,60.50945029441263,146.3521616380974,0.0160161,289.406,84.6338,-49.0,-17.0,0.0,0.0,0.0,0.0
870,60.50945093597042,146.3521618412057,0.126716,1.24199,84.4963,-49.0,-17.0,0.0,0.0,0.0,0.0
871,60.50945186658853,146.3521618654837,0.0987726,356.014,84.3689,-49.0,-17.0,0.0,0.0,0.0,0.0
872,60.50945227623104,146.3521619789894,0.0213303,183.691,84.2069,-49.0,-17.0,0.0,0.0,0.0,0.0
873,60.50945191300597,146.3521618660293,0.0426398,166.971,84.1252,-49.0,-17.0,0.0,0.0,0.0,0.0
874,60.5094523970883,146.3521619973374,0.126263,354.382,83.9719,-49.0,-17.0,0.0,0.0,0.0,0.0
875,60.50945350192653,146.352162155226,0.127215,356.906,83.7979,-49.0,-17.0,0.0,0.0,0.0,0.0
876,60.50945431980183,146.3521622513695,0.0376189,2.09207,83.6957,-49.0,-17.0,0.0,0.0,0.0,0.0
877,60.50945428889126,146.3521623777902,0.0283111,219.094,83.6432,-49.0,-17.0,0.0,0.0,0.0,0.0
878,60.5094542933267,146.3521628021367,0.0315876,322.507,83.4736,-49.0,-17.0,0.0,0.0,0.0,0.0
879,60.50945495324517,146.3521631695222,0.128623,347.67,83.3321,-49.0,-17.0,0.0,0.0,0.0,0.0
880,60.5094561019221,146.3521635156278,0.0971441,356.758,83.1708,-52.0,-17.0,0.0,0.0,0.0,0.0
881,60.50945635608337,146.3521637522432,0.0291824,208.072,83.0768,-52.0,-17.0,0.0,0.0,0.0,0.0
882,60.50945621225807,146.3521639861703,0.0138014,264.289,82.9638,-52.0,-17.0,0.0,0.0,0.0,0.0
883,60.50945651517485,146.3521641626301,0.0775151,351.852,82.8284,-52.0,-17.0,0.0,0.0,0.0,0.0
884,60.509457608254,146.3521644352402,0.124516,353.032,82.6709,-52.0,-12.0,0.0,0.0,0.0,0.0
885,60.50945831149542,146.3521646277529,0.0110718,352.875,82.5153,-54.0,-12.0,0.0,0.0,0.0,0.0
886,60.50945797526123,146.3521645766006,0.0496291,178.414,82.532,-54.0,-12.0,0.0,0.0,0.0,0.0
887,60.5094577389105,146.352164796628,0.0241945,294.747,82.4616,-54.0,-12.0,0.0,0.0,0.0,0.0
888,60.50945825771995,146.352165054341,0.0711209,357.787,82.3649,-54.0,-12.0,0.0,0.0,0.0,0.0
889,60.50945875806558,146.3521650764955,0.0374836,351.573,82.3491,-54.0,-12.0,0.0,0.0,0.0,0.0
890,60.50945878347483,146.3521654078369,0.0426605,213.179,82.2615,-54.0,-12.0,0.0,0.0,0.0,0.0
891,60.50945815147558,146.352165534403,0.0466012,183.379,82.2391,-54.0,-12.0,0.0,0.0,0.0,0.0
892,60.50945820930828,146.3521656390837,0.0533403,351.114,82.1839,-54.0,-12.0,0.0,0.0,0.0,0.0
893,60.50945904839807,146.352165760839,0.108353,358.547,82.0371,-54.0,-12.0,0.0,0.0,0.0,0.0
894,60.5094596489366,146.352165809143,0.0141732,343.101,81.9897,-54.0,-12.0,0.0,0.0,0.0,0.0
895,60.50945947935821,146.3521659589864,0.05129,202.015,81.9985,-61.0,-12.0,0.0,0.0,0.0,0.0
896,60.509459325493,146.3521664724731,0.0423586,308.914,81.974,-61.0,-12.0,0.0,0.0,0.0,0.0
897,60.50946003423574,146.3521670520208,0.117807,347.888,81.9202,-61.0,-12.0,0.0,0.0,0.0,0.0
898,60.50946077581452,146.3521674043507,0.0294558,319.254,81.9327,-61.0,-12.0,0.0,0.0,0.0,0.0
899,60.50946049669098,146.3521677112628,0.0617468,202.215,81.9759,-61.0,-12.0,0.0,0.0,0.0,0.0
900,60.50946023761289,146.3521682999545,0.0278711,242.488,81.9444,-61.0,-12.0,0.0,0.0,0.0,0.0
